,ret_1d,ret_5d,ret_10d,ret_21d,ret_63d,vol_5d,vol_21d,vol_63d,parkinson_vol_21d,natr_14d,ret_skew_21d,dist_sma_20,dist_sma_50,dist_sma_200,rsi_14d
ret_1d,1.0,0.3971502019307091,0.27942475511201686,0.1942546873242758,0.11431724387890806,-0.004054731447320102,-0.013466092564883837,-0.012039879995867643,-0.012002736463690256,-0.04955826243255531,0.004148089176488713,0.33193877726823845,0.21206396043587403,0.11534821990534412,0.23801975495083524
ret_5d,0.3971502019307091,1.0,0.6532821860146427,0.44649684336665846,0.2417499154545792,-0.0005128933646494346,0.002072603020833671,-0.002675501051562701,-0.004348395966689104,-0.07477189997738551,0.12722879981009597,0.7138716504182987,0.46918255155184513,0.2375903107384007,0.5524130493567592
ret_10d,0.27942475511201686,0.6532821860146427,1.0,0.6488751124402903,0.3525949030233046,-0.03899202753407055,-0.0047987187284178,-0.003603089500217848,-0.012757839557739764,-0.09999644713419387,0.20169999373751524,0.8950508684734771,0.646173058259629,0.33813408725031047,0.7921202284017154
ret_21d,0.1942546873242758,0.44649684336665846,0.6488751124402903,1.0,0.5182836923001625,-0.05470360112581631,-0.03056846164663484,-0.004429855791080389,-0.03819054044210345,-0.11660095719825626,0.30736001992122763,0.8063577862645549,0.8594016223159394,0.4892578126929693,0.7560550348331666
ret_63d,0.11431724387890806,0.2417499154545792,0.3525949030233046,0.5182836923001625,1.0,-0.07438157684192684,-0.0706974681876523,-0.03100868147157657,-0.06487076185939043,-0.1067222233720088,0.1321910885991226,0.4297655099065747,0.7155972741297312,0.7686927915932131,0.40789704661935494
vol_5d,-0.004054731447320102,-0.0005128933646494346,-0.03899202753407055,-0.05470360112581631,-0.07438157684192684,1.0,0.7507405960307363,0.6900205669883619,0.7124232718288286,0.7549051970079863,0.06321332418321139,-0.04199637243331458,-0.06643049682900738,-0.09791932646083643,-0.0793393245868802
vol_21d,-0.013466092564883837,0.002072603020833671,-0.0047987187284178,-0.03056846164663484,-0.0706974681876523,0.7507405960307363,1.0,0.8914897709959401,0.9214836489819078,0.9213180764115554,0.09020198651221746,-0.014640124680193455,-0.05041192021527119,-0.10459426519894673,-0.04443661091711322
vol_63d,-0.012039879995867643,-0.002675501051562701,-0.003603089500217848,-0.004429855791080389,-0.03100868147157657,0.6900205669883619,0.8914897709959401,1.0,0.900649328672463,0.8936944946677199,0.10527116277251604,-0.004681684550017011,-0.014723950097361934,-0.09756308782013158,-0.027431751597076764
parkinson_vol_21d,-0.012002736463690256,-0.004348395966689104,-0.012757839557739764,-0.03819054044210345,-0.06487076185939043,0.7124232718288286,0.9214836489819078,0.900649328672463,1.0,0.9642119938665014,0.09027462491243635,-0.021183717538731012,-0.05456921405360499,-0.09410052616594647,-0.047754955737325244
natr_14d,-0.04955826243255531,-0.07477189997738551,-0.09999644713419387,-0.11660095719825626,-0.1067222233720088,0.7549051970079863,0.9213180764115554,0.8936944946677199,0.9642119938665014,1.0,0.07130264622920958,-0.11749885355233312,-0.13002730004513596,-0.1404107731756456,-0.1408526984911575
ret_skew_21d,0.004148089176488713,0.12722879981009597,0.20169999373751524,0.30736001992122763,0.1321910885991226,0.06321332418321139,0.09020198651221746,0.10527116277251604,0.09027462491243635,0.07130264622920958,1.0,0.2518961073634866,0.26298343877999,0.09950714078574363,0.22885429664090265
dist_sma_20,0.33193877726823845,0.7138716504182987,0.8950508684734771,0.8063577862645549,0.4297655099065747,-0.04199637243331458,-0.014640124680193455,-0.004681684550017011,-0.021183717538731012,-0.11749885355233312,0.2518961073634866,1.0,0.7787483452218407,0.4155713511804725,0.8964251146076693
dist_sma_50,0.21206396043587403,0.46918255155184513,0.646173058259629,0.8594016223159394,0.7155972741297312,-0.06643049682900738,-0.05041192021527119,-0.014723950097361934,-0.05456921405360499,-0.13002730004513596,0.26298343877999,0.7787483452218407,1.0,0.6479954717935662,0.7226877150350071
dist_sma_200,0.11534821990534412,0.2375903107384007,0.33813408725031047,0.4892578126929693,0.7686927915932131,-0.09791932646083643,-0.10459426519894673,-0.09756308782013158,-0.09410052616594647,-0.1404107731756456,0.09950714078574363,0.4155713511804725,0.6479954717935662,1.0,0.39682788669267594
rsi_14d,0.23801975495083524,0.5524130493567592,0.7921202284017154,0.7560550348331666,0.40789704661935494,-0.0793393245868802,-0.04443661091711322,-0.027431751597076764,-0.047754955737325244,-0.1408526984911575,0.22885429664090265,0.8964251146076693,0.7226877150350071,0.39682788669267594,1.0
