variable,N,missing_count,missing_pct,zero_count,zero_pct,unique_count,sum,mean,median,modal_interval,minimum,maximum,range,variance,std,cv,sem,q1,q2,q3,iqr,p1,p5,p10,p25,p50,p75,p90,p95,p99,mad,skewness,kurtosis
adj_close,4283165,0,0.0,0,0.0,64483,272254361.4644338,63.563827558460574,29.299999237060547,"[0.0547, 145.2042]",0.05470869690179825,4354.5400390625,4354.485330365598,13276.788389475692,115.22494690593567,1.812743998119825,0.05567549849012958,10.460000038146973,29.299999237060547,73.0540771484375,62.59407711029053,0.9879999756813049,2.5600076198577884,4.440359783172608,10.460000038146973,29.299999237060547,73.0540771484375,152.60000610351562,231.8521270751953,483.1921704101569,22.499999046325684,9.103230301740949,172.53859706708678
close,4283165,0,0.0,0,0.0,25432,285491031.1519409,66.65422208855856,31.809999465942383,"[0.0900, 145.2383]",0.09000000357627869,4354.5400390625,4354.450039058924,13654.83570345663,116.85390752326869,1.7531358683664535,0.056462595354360226,12.199999809265137,31.809999465942383,77.0999984741211,64.89999866485596,1.0099999904632568,2.819999933242798,5.099999904632568,12.199999809265137,31.809999465942383,77.0999984741211,159.36000061035156,238.8893341064447,492.6035986328159,23.869999408721924,8.819155023815094,163.30687139185795
volume,4283165,0,0.0,164,0.0038289442503382427,45954,11151776544370.0,2603629.919550146,703500.0,"[0.0000, 51463700.0000]",0.0,1543911000.0,1543911000.0,136009997577425.88,11662332.424409188,4.479258875018688,5635.117990695597,276000.0,703500.0,1926500.0,1650500.0,44000.0,92300.20000000001,134531.20000000007,276000.0,703500.0,1926500.0,5111400.0,9353379.999999981,30417608.0000001,528800.0,37.308650762902566,2173.8768339417306
ret_1d,4283165,2435,0.05685048322910744,71453,1.669177920588311,92319,960.5181678265295,0.0002243818619316167,5.966399617176771e-05,"[-0.0650, 0.1904]",-2.108429050503844,5.554251012047692,7.662680062551535,0.0011477533136992747,0.033878508138630824,150.98527510962802,1.637439865072256e-05,-0.01273908961882177,5.966399617176771e-05,0.013101878426418257,0.025840968045240026,-0.09023618566924327,-0.04525654763189394,-0.030256951239106922,-0.01273908961882177,5.966399617176771e-05,0.013101878426418257,0.03024389703293269,0.04546238109855074,0.09353903693979095,0.012923545522637338,0.4827582798178664,93.97779731127069
ret_5d,4283165,12175,0.28425241614553726,28551,0.6684866974635858,95713,5071.615663535894,0.0011874566935384755,0.002190561854067357,"[-0.0329, 0.2378]",-2.4685703398753556,5.650440585487294,8.11901092536265,0.0055920014847644466,0.07477968631095243,62.97461098434447,3.618423220421607e-05,-0.028792632797373662,0.002190561854067357,0.03190580966123471,0.06069844245860838,-0.20899057129872828,-0.10472456950153644,-0.06958162348503086,-0.028792632797373662,0.002190561854067357,0.03190580966123471,0.070255269892949,0.1041097316010898,0.20704841531700258,0.030333355045683127,-0.07733257194151309,22.77073565728847
ret_10d,4283165,24350,0.5685048322910745,17979,0.42215968526456304,96853,10424.379289751618,0.0024477182713387685,0.004427383124879572,"[-0.0313, 0.2647]",-2.991556753952603,5.889185224226386,8.880741978178989,0.010953596050765032,0.10465942886699235,42.75793800885891,5.071471309506842e-05,-0.04060703593628502,0.004427383124879572,0.047489307042858295,0.08809634297914332,-0.2963611864051609,-0.14827705201730734,-0.09866353470935807,-0.04060703593628502,0.004427383124879572,0.047489307042858295,0.10167000322350285,0.148141951476995,0.2837057355371508,0.04402588060501805,0.0960179298123775,49.9783984791815
ret_21d,4283165,51135,1.1938601478112563,9531,0.22521106891964376,97750,22342.201285802475,0.00527931070569029,0.008695698854858828,"[-0.0229, 0.2817]",-3.0693439083518874,6.069967124074386,9.139311032426274,0.02309526822143505,0.15197127432983856,28.786190852500106,7.387323816868527e-05,-0.05905181120108072,0.008695698854858828,0.07337387424412689,0.1324256854452076,-0.4378005406475908,-0.2182272055018633,-0.14424025626342535,-0.05905181120108072,0.008695698854858828,0.07337387424412689,0.15248832196049567,0.21883884879987578,0.4124546967146448,0.06618279103355561,-0.19382680233360586,21.626653434882446
ret_63d,4283165,153405,3.581580443433769,3718,0.09002944481035217,98576,64335.346449719786,0.015578471012775508,0.022793046231388173,"[-0.2591, 0.0701]",-3.550729120015411,6.3241598063031095,9.87488892631852,0.06568256022625002,0.256286090582868,16.451298328404373,0.00012611380516365313,-0.09879547515963821,0.022793046231388173,0.13683590090007866,0.23563137605971687,-0.7314099406822462,-0.38543429769026655,-0.25377489301243406,-0.09879547515963821,0.022793046231388173,0.13683590090007866,0.27100795392980725,0.3847283514478887,0.7193827118955927,0.11760267245875086,0.06134712900343907,11.222212935560131
vol_5d,4283165,12175,0.28425241614553726,286,0.00669633972451352,99859,106431.46626430437,0.02491962431761825,0.019003571782348606,"[0.0000, 0.0830]",0.0,2.4902860026191735,2.4902860026191735,0.0005352723123784703,0.023135952808960997,0.928422980445208,1.119497459810309e-05,0.011855842817278504,0.019003571782348606,0.030540583884729758,0.018684741067451254,0.003096235727588463,0.005659708977280245,0.0075749896446940315,0.011855842817278504,0.019003571782348606,0.030540583884729758,0.047462063150083354,0.06253207010080938,0.10975956525031985,0.008472507370891679,5.0271233170207825,62.20104133681474
vol_21d,4283165,51135,1.1938601478112563,0,0.0,99889,115287.88576573905,0.02724174586799693,0.021981675279217107,"[0.0007, 0.0415]",0.000668684209541154,1.2252706987381583,1.2246020145286172,0.00041209464355705655,0.02030011437300432,0.7451840174336433,9.867885826065324e-06,0.015095130494577344,0.021981675279217107,0.033258883311694146,0.018163752817116803,0.005090406567578895,0.008651252479668555,0.01082531599096808,0.015095130494577344,0.021981675279217107,0.033258883311694146,0.048868686996899495,0.06211296723799509,0.10078472126109095,0.008224684127417344,4.584345256802775,80.61835944789097
vol_63d,4283165,153405,3.581580443433769,0,0.0,99895,117710.11289296114,0.028502894331138163,0.023624554025590605,"[0.0016, 0.0254]",0.0015793310064725905,0.7176328348028305,0.7160535037963579,0.0003467239585017679,0.018620525194037035,0.6532853935612264,9.162827686141538e-06,0.016650913915484594,0.023624554025590605,0.03509611238777306,0.018445198472288468,0.005888416769452436,0.010102257530748218,0.01231747565789639,0.016650913915484594,0.023624554025590605,0.03509611238777306,0.05032517071540851,0.06207534315268541,0.09487313255826553,0.008348824677653462,3.376675430557914,43.90581831967273
parkinson_vol_21d,4283165,48700,1.137009664582149,0,0.0,99973,102198.63053186814,0.024134956961946348,0.019854142354201552,"[0.0009, 0.0234]",0.0008566412316788066,0.6784262349041291,0.6775695936724503,0.00025337825937860866,0.0159178597612433,0.6595354251845407,7.735446742353371e-06,0.014001313609768647,0.019854142354201552,0.029644744762009397,0.01564343115224075,0.005231311142551211,0.008377441902997544,0.010311147321391425,0.014001313609768647,0.019854142354201552,0.029644744762009397,0.04287474531074521,0.053194455078456326,0.08218375659102735,0.00704041761578602,2.9777864386699004,27.466090309588978
natr_14d,4283165,34090,0.7959067652075044,0,0.0,99791,168569.219088384,0.03967198015765408,0.03246574548306631,"[0.0011, 0.0889]",0.0011226416557969443,2.634920589027834,2.633797947372037,0.0007824344999927132,0.027972030673383604,0.7050827777474593,1.356990469109136e-05,0.02288652827941918,0.03246574548306631,0.048327192461898996,0.025440664182479818,0.008548755696350371,0.0139500709991497,0.01698684152291122,0.02288652827941918,0.03246574548306631,0.048327192461898996,0.06991685687641871,0.08738782976958098,0.13808782678198733,0.01146629845113483,5.7367776297231945,140.4662378034672
ret_skew_21d,4283165,51135,1.1938601478112563,0,0.0,99914,-32094.90466084661,-0.007583808399478881,0.000204081696659426,"[-0.2921, 0.0124]",-4.556138584879609,4.581028860002099,9.137167444881708,0.9064322412916579,0.9520673512371159,125.53946190980709,0.0004627999501926892,-0.4711718068932092,0.000204081696659426,0.47138391592571477,0.942555722818924,-2.950592942116338,-1.5317909700289687,-1.0299238638790476,-0.4711718068932092,0.000204081696659426,0.47138391592571477,1.0207047040360244,1.4918905424382323,2.7408938276528887,0.47127552699741093,-0.13266661342529715,2.7348086183558937
dist_sma_20,4283165,46265,1.0801591813530413,137,0.0032334961882508435,99907,12604.086710841337,0.0029748369588239836,0.0025911572256156977,"[-0.3180, 0.3021]",-0.9380058523822257,17.663455656433417,18.601461508815643,0.006939236280879299,0.08330207849075134,28.002223866903467,4.0469862684025515e-05,-0.032889343826276195,0.0025911572256156977,0.03719093051774697,0.07008027434402317,-0.2186946534931481,-0.11337795782309398,-0.07682663249825909,-0.032889343826276195,0.0025911572256156977,0.03719093051774697,0.08065692784977194,0.11880994046745103,0.23684205211156914,0.03503591193047871,5.117709754894948,383.1472346106515
dist_sma_50,4283165,119315,2.785673678226265,15,0.0003602435246226449,99980,32293.880083670796,0.007755774123388402,0.00550395999530393,"[-0.9488, 0.3021]",-0.9487515281214914,36.57575722064526,37.52450874876675,0.018528073004264425,0.13611786438327786,17.55051715885873,6.670641310259904e-05,-0.05343832589907831,0.00550395999530393,0.06374242287216217,0.11718074877124048,-0.3360538459383217,-0.18370891918592586,-0.12509518858501623,-0.05343832589907831,0.00550395999530393,0.06374242287216217,0.13533377650738335,0.19864648642386248,0.40015368438450577,0.05858410276188472,3.849173516172432,179.34377741571572
dist_sma_200,4283165,484565,11.313246162592382,0,0.0,99997,148311.06560838185,0.03904361228041432,0.020374588934027122,"[-0.9535, 0.3639]",-0.9534549462425851,38.56857440329312,39.52202934953571,0.07327636909359311,0.2706960825235436,6.93317190136535,0.00013888974764216216,-0.09587236252422558,0.020374588934027122,0.14244628757106276,0.23831865009528835,-0.5276198522981214,-0.3220244848108457,-0.22613337465191963,-0.09587236252422558,0.020374588934027122,0.14244628757106276,0.30108750765985154,0.4423819542376194,0.8933535982811569,0.11902280525840622,4.944947708048439,190.41405826571997
rsi_14d,4283165,31655,0.7390562819783968,319,0.007503216504253783,96667,216880015.49089846,51.012467450599544,51.07176141347338,"[46.6667, 50.0000]",0.0,99.99999986240786,99.99999986240786,288.20021516905604,16.97646061960667,0.3327904229630507,0.008233330477510953,38.95128652976997,51.07176141347338,63.1640143589742,24.212727829204226,13.333367392559236,22.875851919907326,28.618151935965127,38.95128652976997,51.07176141347338,63.1640143589742,73.31531451580655,78.85713882917906,87.99650492415762,12.108160636666948,-0.024188482536812786,-0.43403394080531355
macd_diff,4283165,0,0.0,2526,0.0589750803436244,99944,-171.56953628132257,-4.005671887058345e-05,0.0001551137010867981,"[-0.0382, 0.0334]",-1.5404178063309435,0.6056536618932797,2.146071468224223,0.00015941248287633928,0.012625865628793111,315.1918278118669,6.100687235085531e-06,-0.004695822422920065,0.0001551137010867981,0.005046560162077909,0.009742382584997974,-0.034514950059839906,-0.016479347865130625,-0.010982297663316504,-0.004695822422920065,0.0001551137010867981,0.005046560162077909,0.011142523376042414,0.016253952389670537,0.03079800641514185,0.0048711886340585256,-4.767138173146963,219.63037049644794
bollinger_pct_b,4283165,46265,1.0801591813530413,0,0.0,99972,2193927.301745007,0.5178142749994116,0.525568487790145,"[0.7124, 0.7832]",-0.5621316605880312,1.562129352023034,2.1242610126110653,0.10637964553220822,0.3261589268013497,0.6298762740209202,0.0001584547134953571,0.25403689200407037,0.525568487790145,0.7829376529474656,0.5289007609433953,-0.15427261091778424,0.001078761361476052,0.08705567358543105,0.25403689200407037,0.525568487790145,0.7829376529474656,0.9360465977958305,1.0178522505690932,1.1711495650781716,0.26415292482924135,-0.044829836089981506,-0.8007314226916202
vol_ratio_5d,4283165,9740,0.22740193291642977,154,0.003603666848020031,99986,4302838.895005195,1.0068829791104783,0.94825883746955,"[0.8333, 1.0000]",0.0,4.999999999999995,4.999999999999995,0.14260104411543525,0.3776255342471365,0.3750441130762805,0.00018267255766219102,0.7710395544956717,0.94825883746955,1.1660583491578018,0.3950187946621301,0.3631518485182049,0.5377778057828216,0.6249999999998196,0.7710395544956717,0.94825883746955,1.1660583491578018,1.4372283536079131,1.6646792384378197,2.335302381473287,0.19396322411783928,1.9072457928049054,8.520122580016045
vol_ratio_21d,4283165,48700,1.137009664582149,124,0.00292835104316602,99996,4315466.422270311,1.0191290805970319,0.8928790066416186,"[0.6948, 1.3897]",0.0,20.844758756189034,20.844758756189034,0.39484967108123376,0.6283706478514363,0.6165761130736692,0.00030536314264733867,0.6927384463083903,0.8928790066416186,1.1700453286324317,0.4773068823240414,0.3067212387972036,0.4628641558189564,0.5450720516830407,0.6927384463083903,0.8928790066416186,1.1700453286324317,1.5609560178943438,1.9326022865877317,3.270978269459893,0.22799251333064618,6.962398689475114,107.71930788431403
log_turnover,4283165,0,0.0,164,0.0038289442503382427,99917,72562912.22318909,16.941423508827956,17.007909740620732,"[16.3164, 17.1751]",0.0,25.762668114314394,25.762668114314394,4.163921798284597,2.040568988856931,0.12044849641313603,0.0009859817574995719,15.570270073766768,17.007909740620732,18.38521319426241,2.8149431204956414,11.832113449545254,13.577156618738279,14.323027307947202,15.570270073766768,17.007909740620732,18.38521319426241,19.484937461272335,20.112680671406345,21.281830933725175,1.4062453525914194,-0.2224483138274803,0.34599177959992833
turnover_vol_21d,4283165,48700,1.137009664582149,0,0.0,100000,1725115.126802729,0.4073986033188913,0.3769726737763941,"[0.3131, 0.5335]",0.0927295691803877,6.70427964573326,6.611550076552873,0.028761739798698237,0.16959286482248667,0.416282390328804,8.241538708059413e-05,0.30783528095197404,0.3769726737763941,0.4669824576289179,0.15914717667694384,0.19063114718746885,0.23216210201965862,0.25781963572860633,0.30783528095197404,0.3769726737763941,0.4669824576289179,0.5779355000814483,0.6705577381182765,0.9576131310256976,0.07717848432942204,5.420209587976466,83.32923450978569
amihud_illiq_21d,4283165,51135,1.1938601478112563,0,0.0,99908,45588790.70630928,10.77232219674938,6.957949669273422e-10,"[0.0000, 61499.4634]",3.163913360381423e-13,1844983.903025789,1844983.903025789,17298553.001318064,4159.152918722521,386.0962234857287,2.02176428078056,1.5499277377059912e-10,6.957949669273422e-10,2.887447036673238e-09,2.7324542629026388e-09,7.831129383285461e-12,2.555081657300419e-11,4.802779337576383e-11,1.5499277377059912e-10,6.957949669273422e-10,2.887447036673238e-09,1.0671850155584706e-08,2.8036212438012187e-08,1.9271900143985166e-07,6.387451994109733e-10,492.49434912135155,244765.93561026853
obv_slope_10d,4283165,21915,0.511654349061967,0,0.0,100000,79619.27024986202,0.01868448700495442,0.02015580015572671,"[0.0094, 0.1072]",-1.457989501615516,1.4768009984679182,2.9347905000834342,0.14035049577011877,0.3746338155721114,20.05052616227818,0.00018148405250330643,-0.24319738558717635,0.02015580015572671,0.28132195368914675,0.5245193392763231,-0.8202393937774837,-0.6010216811506246,-0.4718380899072858,-0.24319738558717635,0.02015580015572671,0.28132195368914675,0.505847508556527,0.6343849165464209,0.8559967049424374,0.26224326864986114,-0.0044874726744997,-0.3130180690468496
hl_spread,4283165,0,0.0,814,0.01900463792545933,93883,157073.87097872724,0.03667238385136394,0.02828408632555156,"[0.0000, 0.2407]",0.0,7.22222211687842,7.22222211687842,0.0009855846379128713,0.031394022327711865,0.856067104851629,1.5169265767876664e-05,0.0183977071862831,0.02828408632555156,0.04477607784217054,0.02637837065588744,0.00607166882684238,0.01004472818233496,0.012672151346757504,0.0183977071862831,0.02828408632555156,0.04477607784217054,0.06894850534729419,0.08994084348714007,0.15197732515563217,0.01179376929671528,4.757306619194968,56.069708255113035
oc_return,4283165,0,0.0,78134,1.824211768633709,89907,-227.61641531151082,-5.3142107603025056e-05,0.0,"[-0.0108, 0.1128]",-0.8758620673599813,2.8315790924161446,3.707441159776126,0.0008052285698502109,0.028376549646674996,533.9648155061922,1.3711254285048885e-05,-0.011839632610925221,0.0,0.01112872692275438,0.0229683595336796,-0.07606362016593778,-0.04023394843267693,-0.027234041896024658,-0.011839632610925221,0.0,0.01112872692275438,0.026315763712988435,0.03974120677228015,0.08192452955061372,0.011484187883804764,1.5518872498238478,41.65293300125841
overnight_gap,4283165,2435,0.05685048322910744,238431,5.569867756200461,81429,3518.2261090610195,0.000821875266382374,0.0002898904332772616,"[-0.8918, 6.6463]",-0.891774885233576,225.2499831073349,226.1417579925685,0.012466660050330333,0.11165419853427068,135.85280789982576,5.396549193800949e-05,-0.0049645848638208085,0.0002898904332772616,0.006181300053037511,0.01114588491685832,-0.047209758744648986,-0.020330559874818285,-0.012935201971670585,-0.0049645848638208085,0.0002898904332772616,0.006181300053037511,0.014176936252567192,0.022082916203135638,0.051882598925134124,0.005581496477665633,11.759958483337535,1304.535366480259
upper_shadow,4283165,0,0.0,351548,8.207668861694565,80463,40712.919084999,0.00950533521006055,0.00611951303206674,"[0.0000, 0.0617]",0.0,1.8500000574116209,1.8500000574116209,0.00016014129635108425,0.012654694636816973,1.3313253058238075,6.1146171125626265e-06,0.002484410385474502,0.00611951303206674,0.012144080555767569,0.009659670170293067,0.0,0.0,0.0004624570371849025,0.002484410385474502,0.00611951303206674,0.012144080555767569,0.021386081894381334,0.029850716945819842,0.05600001896942489,0.004315902815277888,6.821516510382852,128.58205842053786
lower_shadow,4283165,0,0.0,351043,8.195878515070047,79745,40011.686704427106,0.00934161693617386,0.006153869625119253,"[0.0000, 0.0331]",0.0,0.9943181762648577,0.9943181762648577,0.0001305359961095236,0.011425235057079727,1.223046707234451,5.520555003502021e-06,0.0025130666358038735,0.006153869625119253,0.012175483437578011,0.009662416801774137,0.0,0.0,0.00047530722585101883,0.0025130666358038735,0.006153869625119253,0.012175483437578011,0.021126823032241546,0.029079131887546114,0.052631528952741924,0.004322325886873214,4.757835822090804,59.36949468628125
bar_pressure,4283165,0,0.0,85465,1.9953702460680363,67605,2131828.7627612064,0.49772277340732995,0.49999974999988656,"[0.0000, 0.0333]",0.0,0.9999999999259094,0.9999999999259094,0.0922460841848971,0.3037204046238861,0.6102200265711072,0.00014675454737126574,0.22569723992331972,0.49999974999988656,0.7692313039527311,0.5435340640294114,0.0,0.03571414651242601,0.08108038226838098,0.22569723992331972,0.49999974999988656,0.7692313039527311,0.9166647970233823,0.9624991893228353,0.9999999333333802,0.2719303082559435,0.007260053886610527,-1.2778246499467079
roll_spread_21d,4283165,53570,1.250710631040364,1685163,39.84218347146712,60663,56746.29381301438,0.013416484039964673,0.007788907800068297,"[0.0000, 0.0680]",0.0,2.0398324085288473,2.0398324085288473,0.00045155922667930264,0.0212499229805499,1.5838666325234356,1.0332560772003276e-05,0.0,0.007788907800068297,0.019238015434609353,0.019238015434609353,0.0,0.0,0.0,0.0,0.007788907800068297,0.019238015434609353,0.034022187336945446,0.047166819482849724,0.0909052490015318,0.007788907800068297,10.449439670853865,457.6939282001762
fwd_ret_1d,4283165,2435,0.05685048322910744,71453,1.669177920588311,92319,3680.4401381674406,0.0008597692772418351,5.9665776103434413e-05,"[-0.8786, 7.7285]",-0.8785714251654488,257.3334034353101,258.21197486047555,0.01680976171848513,0.1296524651461943,150.79896174373775,6.26645406481732e-05,-0.01265829088137235,5.9665776103434413e-05,0.013188084109614712,0.02584637499098706,-0.08628464668788142,-0.04424774559935741,-0.029803791600248083,-0.01265829088137235,5.9665776103434413e-05,0.013188084109614712,0.030705889408098912,0.046511635255365266,0.09805346715277595,0.012927171609121713,10.917060871605127,911.8545950493195
fwd_ret_5d,4283165,12175,0.28425241614553726,28551,0.6684866974635858,95713,18416.552477315512,0.004312010207777474,0.0021929628875696086,"[-0.9153, 8.5624]",-0.915294126914479,283.4167481146773,284.3320422415918,0.09051800911435551,0.3008621098017421,69.77303520433438,0.00014558050427288473,-0.02838207473111354,0.0021929628875696086,0.03242025671152372,0.06080233144263726,-0.18859711391516817,-0.09942746642811669,-0.06721600680311937,-0.02838207473111354,0.0021929628875696086,0.03242025671152372,0.07278199524958008,0.10972221983067777,0.23004212321957465,0.030401560908158577,3.8669498963744093,104.38271053715387
fwd_ret_21d,4283165,51135,1.1938601478112563,9531,0.22521106891964376,97750,78316.64006466519,0.01850569113750734,0.008733616270600302,"[-0.9535, 13.4671]",-0.9535483786172475,431.6664570303983,432.62000540901556,0.5328653447032886,0.7299762631094854,39.446039504243636,0.0003548414697446932,-0.05734207234759757,0.008733616270600302,0.0761328000493045,0.1334748723969021,-0.354545488042279,-0.19605723930408195,-0.13432026190683968,-0.05734207234759757,0.008733616270600302,0.0761328000493045,0.16472886026555594,0.24463068679654237,0.5105211091893335,0.06671212894948447,451.3875904275595,218065.19261289592
excess_fwd_ret_1d,4283165,2435,0.05685048322910744,0,0.0,99311,-5.684341886080802e-14,-1.3278907770592402e-20,-0.0005438340049020431,"[-0.9808, 7.6261]",-0.9808001404590847,257.2275493336129,258.208349474072,0.016581060999125503,0.12876746871444472,128767468.71273482,6.223679795305108e-05,-0.011908998007766323,-0.0005438340049020431,0.010775952758101764,0.022684950765868087,-0.07767032896983771,-0.03892533400348848,-0.02623612088484597,-0.011908998007766323,-0.0005438340049020431,0.010775952758101764,0.0253900584455931,0.03910529038040179,0.08693567464137603,0.011342052842788128,14.458362624485888,1333.698491601065
zscore_fwd_ret_1d,4283165,2435,0.05685048322910744,0,0.0,99311,-1.2931877790833823e-12,-3.0209515178097713e-19,-0.018934771508779147,"[-2.0223, 0.6802]",-31.749586619284173,49.32486157434605,81.07444819363022,0.9995888361486744,0.9997943969380276,999794396.6359944,0.00048322765445372524,-0.4157061117685583,-0.018934771508779147,0.3840455766740156,0.7997516884425739,-2.530086403494764,-1.3103096706590112,-0.8960629942938638,-0.4157061117685583,-0.018934771508779147,0.3840455766740156,0.8811989510340457,1.3273518355830476,2.8518961404900254,0.3998056137581375,2.522533232870391,86.55620036454492
excess_fwd_ret_5d,4283165,12175,0.28425241614553726,0,0.0,99862,4.547473508864641e-13,1.0647352273980133e-19,-0.0023688209609133808,"[-1.0444, 8.4323]",-1.0444175320173266,283.25655899350227,284.3009765255196,0.08937005310758926,0.29894824486454047,298948244.8327104,0.0001446544274636394,-0.028938732298715467,-0.0023688209609133808,0.024404193390869945,0.053342925689585416,-0.1698696318884201,-0.0909898625411136,-0.06230637207329928,-0.028938732298715467,-0.0023688209609133808,0.024404193390869945,0.05919775371473255,0.09202711642217871,0.20512003092398445,0.026671176302018783,5.047889519952655,148.27163943857556
zscore_fwd_ret_5d,4283165,12175,0.28425241614553726,0,0.0,99862,-2.2737367544323206e-13,-5.323676136990067e-20,-0.03250840742050534,"[-0.6589, 1.6129]",-18.8333368087245,49.32070105702355,68.15403786574805,0.999589245833088,0.9997946018223383,999794601.7691123,0.00048377844055709404,-0.42870800060829733,-0.03250840742050534,0.3783316347387317,0.807039635347029,-2.4555780937327367,-1.3212336864913332,-0.9112690885735311,-0.42870800060829733,-0.03250840742050534,0.3783316347387317,0.8996681861620116,1.365334236309225,2.9316875962871416,0.40333643248098805,3.1358420796268627,67.48470756123683
excess_fwd_ret_21d,4283165,51135,1.1938601478112563,0,0.0,99979,-4.547473508864641e-13,-1.0745371627480527e-19,-0.009176249697835457,"[-1.1178, 13.2981]",-1.1178444662045737,431.36014180282444,432.47798626902903,0.5276115398048323,0.7263687354263207,726368735.3482697,0.00035308785049714946,-0.06839439592222146,-0.009176249697835457,0.0508800693733364,0.11927446529555787,-0.32135795605336803,-0.19356141264761104,-0.13881433117538558,-0.06839439592222146,-0.009176249697835457,0.0508800693733364,0.12749365465930668,0.19946483313155292,0.44869001305415573,0.05963314487043922,458.7198906142924,222803.99046735026
zscore_fwd_ret_21d,4283165,51135,1.1938601478112563,0,0.0,99979,-9.094947017729282e-13,-2.1490743254961053e-19,-0.05167081096105652,"[-0.9753, 0.9589]",-8.711906491863369,49.31270244975463,58.024608941618,0.9995894149728325,0.999794686409581,999794686.1947175,0.0004860002083592414,-0.44742581979742624,-0.05167081096105652,0.36876247069201484,0.8161882904894411,-2.2778806529880558,-1.3135417673026215,-0.9239104556783153,-0.44742581979742624,-0.05167081096105652,0.36876247069201484,0.9156899695626058,1.3978102170667053,2.9971377169868445,0.4073465867796195,3.771116298039344,76.82522258068734
open,4283165,0,0.0,0,0.0,91158,285525697.3665643,66.66231568631241,31.81999969438116,"[0.0800, 144.5710]",0.08000000021186074,4334.810058593511,4334.730058593299,13656.27847055087,116.86008073996385,1.7530156211210854,0.05646557818859899,12.210000038047715,31.81999969438116,77.11000061022948,64.90000057218177,1.009999990561296,2.819999933382658,5.099999904918283,12.210000038047715,31.81999969438116,77.11000061022948,159.39999389651064,238.92999267570102,492.7099914549113,23.86999988507843,8.835619600588892,163.66709242414092
high,4283165,0,0.0,0,0.0,93888,289715366.25538605,67.64048694257309,32.355000495771186,"[0.1000, 147.3185]",0.1000000003790054,4416.655029296732,4416.5550292963535,14019.935939666288,118.40581041345179,1.750516824520025,0.05721245872457078,12.424999713646054,32.355000495771186,78.23999786306786,65.8149981494218,1.0450000159161048,2.9000000944322633,5.225000142704613,12.424999713646054,32.355000495771186,78.23999786306786,161.6099975583995,242.17499542224448,499.0554083250696,24.230000496030023,8.797128525673129,162.2121259402258
low,4283165,0,0.0,0,0.0,93888,281266696.0484957,65.66795723454402,31.259999275435714,"[-3.7600, 139.6602]",-3.760000073561436,4298.844970703179,4302.60497077674,13297.469344759373,115.31465364280193,1.756026203604605,0.055718843854367664,11.975000381523714,31.259999275435714,75.96000289933437,63.985002517810656,0.9700000288122494,2.7300000192533425,4.975000143121008,11.975000381523714,31.259999275435714,75.96000289933437,157.12500000005988,235.6650085450153,486.3550109864836,23.504999160949865,8.84241800197331,164.4592317838493
hl_spread_pct,4283165,0,0.0,814,0.01900463792545933,93883,157073.64520583377,0.03667233113966746,0.02828408336994702,"[0.0000, 0.2407]",0.0,7.222171962908448,7.222171962908448,0.000985577576006669,0.031393909855363174,0.8560652683826792,1.5169211422405065e-05,0.01839769802972116,0.02828408336994702,0.044775908344448986,0.026378210314727826,0.006071665140342494,0.010044727382157155,0.012672144364859821,0.01839769802972116,0.02828408336994702,0.044775908344448986,0.06894845775172175,0.08994075034236897,0.1519772109934016,0.011793768051369564,4.757287005688101,56.06931209361806
oc_spread_pct,4283165,0,0.0,78134,1.824211768633709,89907,-227.61749639996475,-5.314236000713602e-05,0.0,"[-0.0108, 0.1128]",-0.8758613123071461,2.8315691570854624,3.707430469392609,0.0008052247342675004,0.028376482062924934,533.9610077178894,1.3711221629282268e-05,-0.011839621828027058,0.0,0.011128723504992959,0.022968345333020015,-0.07606359293242891,-0.04023393936813561,-0.027234026454907297,-0.011839621828027058,0.0,0.011128723504992959,0.026315418105445194,0.039741174530205876,0.08192444219295983,0.011484186766122511,1.5518506659500724,41.65171717297653
dollar_volume,4283165,0,0.0,164,0.0038289442503382427,99917,677665120318358.1,158215973.5425458,24346768.77593994,"[0.0000, 5145923746.3126]",0.0,154377712389.37683,154377712389.37683,9.381700566767525e+17,968591790.5272337,6.121959552123036,468013.5007141664,5782056.081390381,24346768.77593994,96515404.32701111,90733348.24562073,137599.99692440033,787922.7646160127,1661159.9908447266,5782056.081390381,24346768.77593994,96515404.32701111,289868363.1802369,543033010.8789059,1748162255.0955505,22259628.82041931,27.86195276750387,1078.843230893261
log_return_1d,4283165,0,0.0,71891,1.6784550676894308,90623,-1.0596526717345878,-2.473994515118114e-07,0.0,"[-0.0164, 0.3815]",-6.382742309200806,5.554167755754406,11.936910064955212,0.0032770979973394945,0.05724594306446086,230459.21686239634,2.7660645565350657e-05,-0.0128839783093421,0.0,0.013046410434919989,0.025930388744262088,-0.09149194253384509,-0.04550315934579464,-0.030446828729615825,-0.0128839783093421,0.0,0.013046410434919989,0.030239414426797576,0.04552702533166867,0.0943990624199873,0.012966122963418413,-5.0919759771866815,1749.575487505518
ret_2d,4283165,4870,0.11370096645821488,49749,1.162823040486923,87281,6495.897230991542,0.0015183378497722905,0.00044102444182181344,"[-0.9000, 7.9356]",-0.8999999933772616,264.1666700504721,265.06667004384934,0.034359194443388086,0.18536233286023374,122.08232232747851,8.961611715258022e-05,-0.018286865041320488,0.00044102444182181344,0.019161559793796745,0.03744842483511723,-0.12133932711657913,-0.06297526551588684,-0.04259259537250737,-0.018286865041320488,0.00044102444182181344,0.019161559793796745,0.044179721333406516,0.06688964784140694,0.1406250552972792,0.018724077190066413,6.074626781282792,338.2639830031092
ret_3d,4283165,7305,0.17055144968732233,39938,0.9340343229198337,88842,9819.144716452905,0.0022964139884030124,0.0008739038035703306,"[-0.9014, 8.1231]",-0.9013698616715036,269.8333393869302,270.73470924860175,0.05272359937791633,0.22961620016435325,99.98898340409912,0.00011104289790767597,-0.022413812097555663,0.0008739038035703306,0.024029596692706656,0.04644340879026232,-0.1492896671981614,-0.07768578823240249,-0.052434496331961,-0.022413812097555663,0.0008739038035703306,0.024029596692706656,0.055084728248481055,0.08333334279954827,0.17576902492819316,0.023222458204757324,6.152054839569261,365.0858181415436
dir_target,4283165,0,0.0,2066845,48.25508706762406,2,2216320.0,0.5174491293237594,1.0,"[0.9667, 1.0000]",0.0,1.0,1.0,0.24969558618282314,0.4996954934585894,0.9656900827061747,0.00024144767638113873,0.0,1.0,1.0,1.0,0.0,0.0,0.0,0.0,1.0,1.0,1.0,1.0,1.0,0.0,-0.07001085556845324,-1.9950984801025737
