feature,train_val_mean_diff,train_val_med_diff,train_val_std_ratio,train_val_wasserstein,train_val_ks_stat,train_val_ks_pval,train_val_psi,train_val_shift_flag,train_test_mean_diff,train_test_med_diff,train_test_std_ratio,train_test_wasserstein,train_test_ks_stat,train_test_ks_pval,train_test_psi,train_test_shift_flag
ret_1d,-0.0002218404552651197,-0.00019962879506188577,0.8860826065370571,0.0030930074650504357,0.026880000000000015,3.992361748736027e-16,0.014343748262744697,LOW_SHIFT,0.0001276224906669103,-0.00019962879506188577,0.9074005271336242,0.0023536421406843383,0.021339999999999998,2.5418369547817994e-10,0.0051305062503433935,LOW_SHIFT
ret_5d,-0.0012596189991950725,-0.001172776286434744,0.883041549956409,0.0058392236087370306,0.017220000000000013,7.188600128242e-07,0.006327087469469094,LOW_SHIFT,0.0007763074740212356,-0.0008954358547608103,0.8939406322058477,0.005717000245670737,0.024919999999999998,6.413413062417936e-14,0.0055694364299913295,LOW_SHIFT
ret_10d,-0.0027547703932264507,-0.0027475149568308667,0.8816047730559696,0.008303623208050571,0.018919999999999937,3.3255273827730655e-08,0.006261075764162475,LOW_SHIFT,0.002052356591066448,-0.0010139358472363155,0.891854113010735,0.00931327221295496,0.029200000000000004,5.94820654131107e-19,0.0051421216658149044,LOW_SHIFT
ret_21d,-0.0054641449488780245,-0.006912778580620192,0.8392558747841484,0.0172541457849168,0.035640000000000005,5.022390057640075e-28,0.01504574046114995,LOW_SHIFT,0.006178086722346663,0.001297139502147231,0.8734494968715019,0.01571951378173868,0.039620000000000016,1.5537793491725592e-34,0.004906258915087908,LOW_SHIFT
ret_63d,-0.018554020529821753,-0.01491154115542519,0.8298978812636948,0.03743364812557938,0.05823999999999996,3.758954763908739e-74,0.03259521568134001,LOW_SHIFT,0.03384668715215783,0.017918727902146547,0.8792155905109998,0.0503859509445006,0.07926,4.71053374757302e-137,0.022209802368494312,LOW_SHIFT
vol_5d,-0.0027515706041652682,-0.0021533345031398456,0.8767806461160255,0.003488134110283295,0.07011999999999996,2.4969870324440467e-107,0.023216555705135842,LOW_SHIFT,-0.0018675767542125112,-0.0009023248954056415,0.8905633162248878,0.002547763715455462,0.03183999999999998,1.8748540179692044e-22,0.007517699410490094,LOW_SHIFT
vol_21d,-0.002671681223785048,-0.001812558270641279,0.8439464629330132,0.00363149594641049,0.05868000000000001,2.858499631238109e-75,0.020000936476198914,LOW_SHIFT,-0.0020659868419689448,-0.0009671052600790653,0.8623185964997745,0.0029847286808116014,0.043759999999999966,4.8827859954019465e-42,0.009851588484972095,LOW_SHIFT
vol_63d,-0.003262705974985774,-0.0019655377366543728,0.8236276708076561,0.003950280974494073,0.0626000000000001,1.301936380942646e-85,0.03523409775173199,LOW_SHIFT,-0.0025726365369871766,-0.0012982667191273542,0.8528369638924455,0.0033823853778763087,0.050380000000000036,1.3825730035124291e-55,0.021870786595314724,LOW_SHIFT
parkinson_vol_21d,-0.0025588684367591277,-0.0018441929657448744,0.8232930786517945,0.003577168559873362,0.07930000000000004,3.427279812436347e-137,0.02696360786439113,LOW_SHIFT,-0.001793046088583907,-0.00027930787553945985,0.8063173352977646,0.003222130831438441,0.06215999999999999,2.0360654728503525e-84,0.016909451038346283,LOW_SHIFT
natr_14d,-0.0045381700128410835,-0.0032645607726965523,0.8041154745180485,0.006013008426765684,0.08278000000000002,1.7788982568706192e-149,0.030501227609613345,LOW_SHIFT,-0.00323472635325156,-0.0008319269366514198,0.7765809408993344,0.004962748701282362,0.053240000000000065,4.97722838862597e-62,0.01648097834175237,LOW_SHIFT
ret_skew_21d,-0.021409365747566918,-0.02189255006187583,1.1614029226399811,0.1120981025781713,0.04077999999999998,1.4601995400389748e-36,0.022046077134667424,LOW_SHIFT,0.017173231043324095,0.021772348825950544,1.1010887315659044,0.052403941454654296,0.02038000000000001,1.8848948198532326e-09,0.008145426247488041,LOW_SHIFT
dist_sma_20,-0.0030080400602463197,-0.0028779758160993422,0.8599547328334142,0.007629733112662169,0.02613999999999994,2.8423389924706237e-15,0.010337044309191412,LOW_SHIFT,0.0017717135975033734,-0.0006779054630877699,0.8976064984708728,0.006702634920530401,0.032320000000000015,4.0159115287076745e-23,0.004639665831647416,LOW_SHIFT
dist_sma_50,-0.007609274173982143,-0.0061869825059630125,0.8167665425217493,0.01511703041987307,0.03834000000000004,2.2913579565994764e-32,0.019780440849063177,LOW_SHIFT,0.00814137463641693,0.0024974808499855106,0.8816890858483749,0.015718127072851848,0.045420000000000016,2.956289076557588e-45,0.008805565114462814,LOW_SHIFT
dist_sma_200,-0.021936345102292632,-0.004440384429514461,0.7742152138371646,0.0329395711434575,0.04303999999999997,1.1145144312268712e-40,0.022993490928560317,LOW_SHIFT,0.02147591634427322,0.015352024272149382,0.9129114371962648,0.04694216998123134,0.06988,1.3448984961416566e-106,0.01257443691997947,LOW_SHIFT
rsi_14d,-0.7510227283673956,-1.117671480122688,1.0197743438496607,0.3784897981823464,0.016100000000000003,4.649650815970582e-06,0.0033875363481669016,LOW_SHIFT,-0.17787794373954569,-0.052363240656724486,0.9944579154218256,0.505040622921923,0.012780000000000014,0.0005631204232744954,0.00039115205412350654,LOW_SHIFT
macd_diff,-2.9369885807189802e-05,-5.37649666107577e-05,0.8571598806262116,0.0011271976748293614,0.023880000000000012,8.123407744676191e-13,0.005308016152188389,LOW_SHIFT,-0.00033081259883306266,-0.00024714302939104864,0.8693493169232869,0.0011995884911941285,0.024780000000000024,9.083661979449353e-14,0.0057187792033133854,LOW_SHIFT
bollinger_pct_b,-0.016540106843298208,-0.027305489739809508,0.9957095541035867,0.008792095835688702,0.016639999999999988,1.920056394085926e-06,0.0036405554207376567,LOW_SHIFT,-0.0011994523532014023,-0.0036459492845868358,1.0006479194625646,0.00680790197044174,0.011680000000000024,0.002163764050344764,0.0005098275699529569,LOW_SHIFT
vol_ratio_5d,0.0032624513478045625,0.003217307707787165,0.998251050570132,0.010392075135065102,0.014119999999999994,9.277440105280182e-05,0.00014380591000227633,LOW_SHIFT,0.0006346592599155709,0.005128513784485422,0.9417509259604298,0.02825290635580062,0.03346000000000002,9.425722159194452e-25,0.006515268300687579,LOW_SHIFT
vol_ratio_21d,0.0045633174211527905,0.0014254871463331709,0.9816823567732674,0.020766130179715188,0.02216,4.2676606246258034e-11,0.0008046218721525837,LOW_SHIFT,-0.0027361455318268835,0.007459912364411014,0.9337619289136776,0.04529278881709199,0.04036000000000001,8.03676398953541e-36,0.008816750472080661,LOW_SHIFT
log_turnover,0.21872141717031468,0.24888328626507317,1.0075270492537314,0.603013784784934,0.13572,0.0,0.013466265574233766,LOW_SHIFT,0.5698458842273624,0.6461242369323159,0.9982111764033453,0.9033125440748377,0.20128000000000001,0.0,0.07941060713006898,LOW_SHIFT
turnover_vol_21d,-0.005857212076939733,0.0013550468679737748,0.8298734268618472,0.028416635083687733,0.04276000000000002,3.709062363828778e-40,0.0033416647839634977,LOW_SHIFT,-0.024121788949919398,-0.018808573487026303,0.8355705034502168,0.046901945592215874,0.10152000000000005,9.10862455515935e-225,0.025792519380866033,LOW_SHIFT
amihud_illiq_21d,-16.821469869547602,-2.770073333216922e-10,9.101765298179548e-12,1.090516701598842e-08,0.15316000000000002,0.0,0.027169210109443995,LOW_SHIFT,-16.82146987266055,-4.4294319151629616e-10,6.640470508871084e-12,1.3094459200897146e-08,0.21610000000000001,0.0,0.09111209581526579,LOW_SHIFT
obv_slope_10d,-0.00613747238360003,-0.010360890826011325,0.9988695053465753,0.003166060189843051,0.004840000000000011,0.5997710035186951,0.0005299174157877562,LOW_SHIFT,-0.006690627725693371,-0.009824675122887015,0.9773796375098555,0.014888487139465612,0.01876,4.4961427513602274e-08,0.0015896195843052925,LOW_SHIFT
hl_spread,-0.004155600684469206,-0.0033673035300484516,0.8514070585000174,0.005581076605834605,0.07979999999999998,6.346436044443225e-139,0.027941494646935072,LOW_SHIFT,-0.002612250769826706,-0.0007144161454388231,0.8129815759963461,0.0045497676986277075,0.04200000000000004,9.319675871386938e-39,0.008152807037598162,LOW_SHIFT
oc_return,-0.00021912439838529577,0.0,0.8900399704602983,0.0030648733207027405,0.035900000000000015,1.9801869161245632e-28,0.015400854974930645,LOW_SHIFT,6.004009198912751e-05,0.0,0.8931461686168217,0.0023775036784864896,0.027099999999999985,2.2039895022985953e-16,0.003505010707952676,LOW_SHIFT
overnight_gap,-0.00020964173469596107,-0.00010193266930559543,0.13383599109633157,0.0011472715339968737,0.01866000000000001,5.4217248681791425e-08,0.0073902617159318645,LOW_SHIFT,-8.848349393353555e-05,-0.00037942293805802034,0.27686627977729716,0.001169100553879952,0.02076,8.622745792972009e-10,0.011016349090718686,LOW_SHIFT
upper_shadow,-0.0008239973048073217,-0.0003882702096265657,0.856763678850155,0.0011132656212509244,0.026959999999999984,3.2184571990584267e-16,0.005388739074388107,LOW_SHIFT,-0.00028468259081604504,0.0003265848809533879,0.8263868176239987,0.0011192059832920809,0.02696000000000001,3.2184571990581777e-16,0.004420266074208243,LOW_SHIFT
lower_shadow,-0.0011368463741200634,-0.00045437749213752144,0.8129052859529436,0.001483388617486329,0.042280000000000095,2.8607928436950768e-39,0.01216971057545322,LOW_SHIFT,-0.0009217427258560416,-0.00022719602017737608,0.8118086489545298,0.0013856862071883282,0.03371999999999997,3.933376648389548e-25,0.005810358916825089,LOW_SHIFT
bar_pressure,-0.0034571855881118108,-1.5700117557693183e-06,0.9868059300314467,0.004585738566306689,0.010140000000000038,0.011624215879299467,0.0011179373441056572,LOW_SHIFT,-0.0106281916629975,-0.012819553905242198,0.9887323906214377,0.007067899858976443,0.013700000000000045,0.0001664534793568905,0.0019477170520702286,LOW_SHIFT
roll_spread_21d,-0.0015731958393727721,-0.0009191527701007118,0.7996316112415072,0.0020713114456826537,0.023360000000000047,2.7760950950483755e-12,0.004075463317892019,LOW_SHIFT,-0.0007352622603587263,0.0009788763699040658,0.8578078898227011,0.001829927059362546,0.028820000000000012,1.7923740292635273e-18,0.00674628098677651,LOW_SHIFT
