variable,N,missing_count,missing_pct,zero_count,zero_pct,unique_count,sum,mean,median,modal_interval,minimum,maximum,range,variance,std,cv,sem,q1,q2,q3,iqr,p1,p5,p10,p25,p50,p75,p90,p95,p99,mad,skewness,kurtosis,train_pearson_r,train_pearson_pval,train_spearman_r,train_spearman_pval,train_mutual_info
ret_1d,4283165,2435,0.05685048322910744,71453,1.669177920588311,92319,960.5181678265295,0.0002243818619316167,5.966399617176771e-05,"[-0.0650, 0.1904]",-2.108429050503844,5.554251012047692,7.662680062551535,0.0011477533136992747,0.033878508138630824,150.98527510962802,1.637439865072256e-05,-0.01273908961882177,5.966399617176771e-05,0.013101878426418257,0.025840968045240026,-0.09023618566924327,-0.04525654763189394,-0.030256951239106922,-0.01273908961882177,5.966399617176771e-05,0.013101878426418257,0.03024389703293269,0.04546238109855074,0.09353903693979095,0.012923545522637338,0.4827582798178664,93.97779731127069,-0.017877106042671828,1.571048055206425e-08,-0.020057806830037037,2.24757276576086e-10,0.021101271916305286
ret_5d,4283165,12175,0.28425241614553726,28551,0.6684866974635858,95713,5071.615663535894,0.0011874566935384755,0.002190561854067357,"[-0.0329, 0.2378]",-2.4685703398753556,5.650440585487294,8.11901092536265,0.0055920014847644466,0.07477968631095243,62.97461098434447,3.618423220421607e-05,-0.028792632797373662,0.002190561854067357,0.03190580966123471,0.06069844245860838,-0.20899057129872828,-0.10472456950153644,-0.06958162348503086,-0.028792632797373662,0.002190561854067357,0.03190580966123471,0.070255269892949,0.1041097316010898,0.20704841531700258,0.030333355045683127,-0.07733257194151309,22.77073565728847,-0.020905755190521638,3.801364790091647e-11,-0.021330712184382684,1.519278338763002e-11,0.024135411358659375
ret_10d,4283165,24350,0.5685048322910745,17979,0.42215968526456304,96853,10424.379289751618,0.0024477182713387685,0.004427383124879572,"[-0.0313, 0.2647]",-2.991556753952603,5.889185224226386,8.880741978178989,0.010953596050765032,0.10465942886699235,42.75793800885891,5.071471309506842e-05,-0.04060703593628502,0.004427383124879572,0.047489307042858295,0.08809634297914332,-0.2963611864051609,-0.14827705201730734,-0.09866353470935807,-0.04060703593628502,0.004427383124879572,0.047489307042858295,0.10167000322350285,0.148141951476995,0.2837057355371508,0.04402588060501805,0.0960179298123775,49.9783984791815,-0.024176606987824624,2.0678629347415842e-14,-0.01947452821547101,7.325492689147964e-10,0.025026763109879724
ret_21d,4283165,51135,1.1938601478112563,9531,0.22521106891964376,97750,22342.201285802475,0.00527931070569029,0.008695698854858828,"[-0.0229, 0.2817]",-3.0693439083518874,6.069967124074386,9.139311032426274,0.02309526822143505,0.15197127432983856,28.786190852500106,7.387323816868527e-05,-0.05905181120108072,0.008695698854858828,0.07337387424412689,0.1324256854452076,-0.4378005406475908,-0.2182272055018633,-0.14424025626342535,-0.05905181120108072,0.008695698854858828,0.07337387424412689,0.15248832196049567,0.21883884879987578,0.4124546967146448,0.06618279103355561,-0.19382680233360586,21.626653434882446,0.00206512315263794,0.5137293219562945,-0.01466925471674161,3.5006984936372205e-06,0.023400435304621325
ret_63d,4283165,153405,3.581580443433769,3718,0.09002944481035217,98576,64335.346449719786,0.015578471012775508,0.022793046231388173,"[-0.2591, 0.0701]",-3.550729120015411,6.3241598063031095,9.87488892631852,0.06568256022625002,0.256286090582868,16.451298328404373,0.00012611380516365313,-0.09879547515963821,0.022793046231388173,0.13683590090007866,0.23563137605971687,-0.7314099406822462,-0.38543429769026655,-0.25377489301243406,-0.09879547515963821,0.022793046231388173,0.13683590090007866,0.27100795392980725,0.3847283514478887,0.7193827118955927,0.11760267245875086,0.06134712900343907,11.222212935560131,0.006122179309664031,0.05286806507808856,-0.009995819402824008,0.0015723114977947558,0.020451540326759776
vol_5d,4283165,12175,0.28425241614553726,286,0.00669633972451352,99859,106431.46626430437,0.02491962431761825,0.019003571782348606,"[0.0000, 0.0830]",0.0,2.4902860026191735,2.4902860026191735,0.0005352723123784703,0.023135952808960997,0.928422980445208,1.119497459810309e-05,0.011855842817278504,0.019003571782348606,0.030540583884729758,0.018684741067451254,0.003096235727588463,0.005659708977280245,0.0075749896446940315,0.011855842817278504,0.019003571782348606,0.030540583884729758,0.047462063150083354,0.06253207010080938,0.10975956525031985,0.008472507370891679,5.0271233170207825,62.20104133681474,0.021630810902532112,7.8654432764162e-12,-0.026235383126330628,1.0616328713950745e-16,0.0471332314364572
vol_21d,4283165,51135,1.1938601478112563,0,0.0,99889,115287.88576573905,0.02724174586799693,0.021981675279217107,"[0.0007, 0.0415]",0.000668684209541154,1.2252706987381583,1.2246020145286172,0.00041209464355705655,0.02030011437300432,0.7451840174336433,9.867885826065324e-06,0.015095130494577344,0.021981675279217107,0.033258883311694146,0.018163752817116803,0.005090406567578895,0.008651252479668555,0.01082531599096808,0.015095130494577344,0.021981675279217107,0.033258883311694146,0.048868686996899495,0.06211296723799509,0.10078472126109095,0.008224684127417344,4.584345256802775,80.61835944789097,0.027285521839014164,6.138504777218461e-18,-0.04299713272939219,3.842978612664225e-42,0.06242503920236686
vol_63d,4283165,153405,3.581580443433769,0,0.0,99895,117710.11289296114,0.028502894331138163,0.023624554025590605,"[0.0016, 0.0254]",0.0015793310064725905,0.7176328348028305,0.7160535037963579,0.0003467239585017679,0.018620525194037035,0.6532853935612264,9.162827686141538e-06,0.016650913915484594,0.023624554025590605,0.03509611238777306,0.018445198472288468,0.005888416769452436,0.010102257530748218,0.01231747565789639,0.016650913915484594,0.023624554025590605,0.03509611238777306,0.05032517071540851,0.06207534315268541,0.09487313255826553,0.008348824677653462,3.376675430557914,43.90581831967273,0.028026408075415423,7.694564616332852e-19,-0.05015643294431366,1.0119211869350233e-56,0.05771594664083146
parkinson_vol_21d,4283165,48700,1.137009664582149,0,0.0,99973,102198.63053186814,0.024134956961946348,0.019854142354201552,"[0.0009, 0.0234]",0.0008566412316788066,0.6784262349041291,0.6775695936724503,0.00025337825937860866,0.0159178597612433,0.6595354251845407,7.735446742353371e-06,0.014001313609768647,0.019854142354201552,0.029644744762009397,0.01564343115224075,0.005231311142551211,0.008377441902997544,0.010311147321391425,0.014001313609768647,0.019854142354201552,0.029644744762009397,0.04287474531074521,0.053194455078456326,0.08218375659102735,0.00704041761578602,2.9777864386699004,27.466090309588978,0.029730414270028118,5.275580526846295e-21,-0.04859555830635438,2.365797889772222e-53,0.068121466115171
natr_14d,4283165,34090,0.7959067652075044,0,0.0,99791,168569.219088384,0.03967198015765408,0.03246574548306631,"[0.0011, 0.0889]",0.0011226416557969443,2.634920589027834,2.633797947372037,0.0007824344999927132,0.027972030673383604,0.7050827777474593,1.356990469109136e-05,0.02288652827941918,0.03246574548306631,0.048327192461898996,0.025440664182479818,0.008548755696350371,0.0139500709991497,0.01698684152291122,0.02288652827941918,0.03246574548306631,0.048327192461898996,0.06991685687641871,0.08738782976958098,0.13808782678198733,0.01146629845113483,5.7367776297231945,140.4662378034672,0.0380920547489657,1.9397862743147834e-33,-0.040951803717600856,2.1907753842384317e-38,0.07569974832715154
ret_skew_21d,4283165,51135,1.1938601478112563,0,0.0,99914,-32094.90466084661,-0.007583808399478881,0.000204081696659426,"[-0.2921, 0.0124]",-4.556138584879609,4.581028860002099,9.137167444881708,0.9064322412916579,0.9520673512371159,125.53946190980709,0.0004627999501926892,-0.4711718068932092,0.000204081696659426,0.47138391592571477,0.942555722818924,-2.950592942116338,-1.5317909700289687,-1.0299238638790476,-0.4711718068932092,0.000204081696659426,0.47138391592571477,1.0207047040360244,1.4918905424382323,2.7408938276528887,0.47127552699741093,-0.13266661342529715,2.7348086183558937,0.009803661217350053,0.001933732775743215,-0.0035757853420812693,0.2581594499737729,0.0
dist_sma_20,4283165,46265,1.0801591813530413,137,0.0032334961882508435,99907,12604.086710841337,0.0029748369588239836,0.0025911572256156977,"[-0.3180, 0.3021]",-0.9380058523822257,17.663455656433417,18.601461508815643,0.006939236280879299,0.08330207849075134,28.002223866903467,4.0469862684025515e-05,-0.032889343826276195,0.0025911572256156977,0.03719093051774697,0.07008027434402317,-0.2186946534931481,-0.11337795782309398,-0.07682663249825909,-0.032889343826276195,0.0025911572256156977,0.03719093051774697,0.08065692784977194,0.11880994046745103,0.23684205211156914,0.03503591193047871,5.117709754894948,383.1472346106515,-0.015378756418629912,1.1537666777070248e-06,-0.02036139231824548,1.1992725323993806e-10,0.02520602404743233
dist_sma_50,4283165,119315,2.785673678226265,15,0.0003602435246226449,99980,32293.880083670796,0.007755774123388402,0.00550395999530393,"[-0.9488, 0.3021]",-0.9487515281214914,36.57575722064526,37.52450874876675,0.018528073004264425,0.13611786438327786,17.55051715885873,6.670641310259904e-05,-0.05343832589907831,0.00550395999530393,0.06374242287216217,0.11718074877124048,-0.3360538459383217,-0.18370891918592586,-0.12509518858501623,-0.05343832589907831,0.00550395999530393,0.06374242287216217,0.13533377650738335,0.19864648642386248,0.40015368438450577,0.05858410276188472,3.849173516172432,179.34377741571572,0.005223977759605702,0.09854322775837075,-0.015308419474864655,1.2907660913460893e-06,0.02058705953884754
dist_sma_200,4283165,484565,11.313246162592382,0,0.0,99997,148311.06560838185,0.03904361228041432,0.020374588934027122,"[-0.9535, 0.3639]",-0.9534549462425851,38.56857440329312,39.52202934953571,0.07327636909359311,0.2706960825235436,6.93317190136535,0.00013888974764216216,-0.09587236252422558,0.020374588934027122,0.14244628757106276,0.23831865009528835,-0.5276198522981214,-0.3220244848108457,-0.22613337465191963,-0.09587236252422558,0.020374588934027122,0.14244628757106276,0.30108750765985154,0.4423819542376194,0.8933535982811569,0.11902280525840622,4.944947708048439,190.41405826571997,0.018121505039987093,9.988621617163603e-09,-0.0027865176283792515,0.37822855232406766,0.021653463931336603
rsi_14d,4283165,31655,0.7390562819783968,319,0.007503216504253783,96667,216880015.49089846,51.012467450599544,51.07176141347338,"[46.6667, 50.0000]",0.0,99.99999986240786,99.99999986240786,288.20021516905604,16.97646061960667,0.3327904229630507,0.008233330477510953,38.95128652976997,51.07176141347338,63.1640143589742,24.212727829204226,13.333367392559236,22.875851919907326,28.618151935965127,38.95128652976997,51.07176141347338,63.1640143589742,73.31531451580655,78.85713882917906,87.99650492415762,12.108160636666948,-0.024188482536812786,-0.43403394080531355,-0.006481323661348496,0.040406370686909276,-0.009618310688299603,0.0023531716856651647,0.0
macd_diff,4283165,0,0.0,2526,0.0589750803436244,99944,-171.56953628132257,-4.005671887058345e-05,0.0001551137010867981,"[-0.0382, 0.0334]",-1.5404178063309435,0.6056536618932797,2.146071468224223,0.00015941248287633928,0.012625865628793111,315.1918278118669,6.100687235085531e-06,-0.004695822422920065,0.0001551137010867981,0.005046560162077909,0.009742382584997974,-0.034514950059839906,-0.016479347865130625,-0.010982297663316504,-0.004695822422920065,0.0001551137010867981,0.005046560162077909,0.011142523376042414,0.016253952389670537,0.03079800641514185,0.0048711886340585256,-4.767138173146963,219.63037049644794,-0.02380456661810046,5.1272490436007454e-14,-0.012008555812360796,0.00014614614212011078,0.02149042494847997
bollinger_pct_b,4283165,46265,1.0801591813530413,0,0.0,99972,2193927.301745007,0.5178142749994116,0.525568487790145,"[0.7124, 0.7832]",-0.5621316605880312,1.562129352023034,2.1242610126110653,0.10637964553220822,0.3261589268013497,0.6298762740209202,0.0001584547134953571,0.25403689200407037,0.525568487790145,0.7829376529474656,0.5289007609433953,-0.15427261091778424,0.001078761361476052,0.08705567358543105,0.25403689200407037,0.525568487790145,0.7829376529474656,0.9360465977958305,1.0178522505690932,1.1711495650781716,0.26415292482924135,-0.044829836089981506,-0.8007314226916202,-0.009573892479916522,0.0024653500049212546,-0.01532583109613755,1.255463476525217e-06,0.002353568855833821
vol_ratio_5d,4283165,9740,0.22740193291642977,154,0.003603666848020031,99986,4302838.895005195,1.0068829791104783,0.94825883746955,"[0.8333, 1.0000]",0.0,4.999999999999995,4.999999999999995,0.14260104411543525,0.3776255342471365,0.3750441130762805,0.00018267255766219102,0.7710395544956717,0.94825883746955,1.1660583491578018,0.3950187946621301,0.3631518485182049,0.5377778057828216,0.6249999999998196,0.7710395544956717,0.94825883746955,1.1660583491578018,1.4372283536079131,1.6646792384378197,2.335302381473287,0.19396322411783928,1.9072457928049054,8.520122580016045,0.008989729453162832,0.004471576064594682,0.007475774559563157,0.018076325529284426,0.004028953054365125
vol_ratio_21d,4283165,48700,1.137009664582149,124,0.00292835104316602,99996,4315466.422270311,1.0191290805970319,0.8928790066416186,"[0.6948, 1.3897]",0.0,20.844758756189034,20.844758756189034,0.39484967108123376,0.6283706478514363,0.6165761130736692,0.00030536314264733867,0.6927384463083903,0.8928790066416186,1.1700453286324317,0.4773068823240414,0.3067212387972036,0.4628641558189564,0.5450720516830407,0.6927384463083903,0.8928790066416186,1.1700453286324317,1.5609560178943438,1.9326022865877317,3.270978269459893,0.22799251333064618,6.962398689475114,107.71930788431403,0.011660585367375357,0.00022648578213699057,0.01990470023970325,3.074716188097559e-10,0.007411592130394773
log_turnover,4283165,0,0.0,164,0.0038289442503382427,99917,72562912.22318909,16.941423508827956,17.007909740620732,"[16.3164, 17.1751]",0.0,25.762668114314394,25.762668114314394,4.163921798284597,2.040568988856931,0.12044849641313603,0.0009859817574995719,15.570270073766768,17.007909740620732,18.38521319426241,2.8149431204956414,11.832113449545254,13.577156618738279,14.323027307947202,15.570270073766768,17.007909740620732,18.38521319426241,19.484937461272335,20.112680671406345,21.281830933725175,1.4062453525914194,-0.2224483138274803,0.34599177959992833,-0.013954525230502867,1.0196306050253601e-05,0.02113009334266715,2.347641908467612e-11,0.013322135985168515
turnover_vol_21d,4283165,48700,1.137009664582149,0,0.0,100000,1725115.126802729,0.4073986033188913,0.3769726737763941,"[0.3131, 0.5335]",0.0927295691803877,6.70427964573326,6.611550076552873,0.028761739798698237,0.16959286482248667,0.416282390328804,8.241538708059413e-05,0.30783528095197404,0.3769726737763941,0.4669824576289179,0.15914717667694384,0.19063114718746885,0.23216210201965862,0.25781963572860633,0.30783528095197404,0.3769726737763941,0.4669824576289179,0.5779355000814483,0.6705577381182765,0.9576131310256976,0.07717848432942204,5.420209587976466,83.32923450978569,0.0122775306922147,0.00010334809075700334,-0.034370526336727866,1.5674267569393515e-27,0.02106917864798863
amihud_illiq_21d,4283165,51135,1.1938601478112563,0,0.0,99908,45588790.70630928,10.77232219674938,6.957949669273422e-10,"[0.0000, 61499.4634]",3.163913360381423e-13,1844983.903025789,1844983.903025789,17298553.001318064,4159.152918722521,386.0962234857287,2.02176428078056,1.5499277377059912e-10,6.957949669273422e-10,2.887447036673238e-09,2.7324542629026388e-09,7.831129383285461e-12,2.555081657300419e-11,4.802779337576383e-11,1.5499277377059912e-10,6.957949669273422e-10,2.887447036673238e-09,1.0671850155584706e-08,2.8036212438012187e-08,1.9271900143985166e-07,6.387451994109733e-10,492.49434912135155,244765.93561026853,0.022130300682331603,2.578232214077319e-12,-0.031096391713300014,7.89392716423793e-23,0.014155099600055454
obv_slope_10d,4283165,21915,0.511654349061967,0,0.0,100000,79619.27024986202,0.01868448700495442,0.02015580015572671,"[0.0094, 0.1072]",-1.457989501615516,1.4768009984679182,2.9347905000834342,0.14035049577011877,0.3746338155721114,20.05052616227818,0.00018148405250330643,-0.24319738558717635,0.02015580015572671,0.28132195368914675,0.5245193392763231,-0.8202393937774837,-0.6010216811506246,-0.4718380899072858,-0.24319738558717635,0.02015580015572671,0.28132195368914675,0.505847508556527,0.6343849165464209,0.8559967049424374,0.26224326864986114,-0.0044874726744997,-0.3130180690468496,-0.00838745820366456,0.00799311105996546,-0.012221860563980197,0.00011109480266349714,0.0024471432318105
hl_spread,4283165,0,0.0,814,0.01900463792545933,93883,157073.87097872724,0.03667238385136394,0.02828408632555156,"[0.0000, 0.2407]",0.0,7.22222211687842,7.22222211687842,0.0009855846379128713,0.031394022327711865,0.856067104851629,1.5169265767876664e-05,0.0183977071862831,0.02828408632555156,0.04477607784217054,0.02637837065588744,0.00607166882684238,0.01004472818233496,0.012672151346757504,0.0183977071862831,0.02828408632555156,0.04477607784217054,0.06894850534729419,0.08994084348714007,0.15197732515563217,0.01179376929671528,4.757306619194968,56.069708255113035,0.0194935885362732,7.051761037675981e-10,-0.031437378597854025,2.6864447929175474e-23,0.05802521135045158
oc_return,4283165,0,0.0,78134,1.824211768633709,89907,-227.61641531151082,-5.3142107603025056e-05,0.0,"[-0.0108, 0.1128]",-0.8758620673599813,2.8315790924161446,3.707441159776126,0.0008052285698502109,0.028376549646674996,533.9648155061922,1.3711254285048885e-05,-0.011839632610925221,0.0,0.01112872692275438,0.0229683595336796,-0.07606362016593778,-0.04023394843267693,-0.027234041896024658,-0.011839632610925221,0.0,0.01112872692275438,0.026315763712988435,0.03974120677228015,0.08192452955061372,0.011484187883804764,1.5518872498238478,41.65293300125841,-0.004577696384371531,0.14773337543072615,-0.017167877793317916,5.657809213966927e-08,0.02571606317588504
overnight_gap,4283165,2435,0.05685048322910744,238431,5.569867756200461,81429,3518.2261090610195,0.000821875266382374,0.0002898904332772616,"[-0.8918, 6.6463]",-0.891774885233576,225.2499831073349,226.1417579925685,0.012466660050330333,0.11165419853427068,135.85280789982576,5.396549193800949e-05,-0.0049645848638208085,0.0002898904332772616,0.006181300053037511,0.01114588491685832,-0.047209758744648986,-0.020330559874818285,-0.012935201971670585,-0.0049645848638208085,0.0002898904332772616,0.006181300053037511,0.014176936252567192,0.022082916203135638,0.051882598925134124,0.005581496477665633,11.759958483337535,1304.535366480259,-0.02262408300193947,8.355739702580385e-13,-0.004859532853563621,0.12436456621470407,0.01069084758364891
upper_shadow,4283165,0,0.0,351548,8.207668861694565,80463,40712.919084999,0.00950533521006055,0.00611951303206674,"[0.0000, 0.0617]",0.0,1.8500000574116209,1.8500000574116209,0.00016014129635108425,0.012654694636816973,1.3313253058238075,6.1146171125626265e-06,0.002484410385474502,0.00611951303206674,0.012144080555767569,0.009659670170293067,0.0,0.0,0.0004624570371849025,0.002484410385474502,0.00611951303206674,0.012144080555767569,0.021386081894381334,0.029850716945819842,0.05600001896942489,0.004315902815277888,6.821516510382852,128.58205842053786,0.01123341985870624,0.00038175304002151646,-0.017383721601223527,3.8507772481300495e-08,0.019156139787802395
lower_shadow,4283165,0,0.0,351043,8.195878515070047,79745,40011.686704427106,0.00934161693617386,0.006153869625119253,"[0.0000, 0.0331]",0.0,0.9943181762648577,0.9943181762648577,0.0001305359961095236,0.011425235057079727,1.223046707234451,5.520555003502021e-06,0.0025130666358038735,0.006153869625119253,0.012175483437578011,0.009662416801774137,0.0,0.0,0.00047530722585101883,0.0025130666358038735,0.006153869625119253,0.012175483437578011,0.021126823032241546,0.029079131887546114,0.052631528952741924,0.004322325886873214,4.757835822090804,59.36949468628125,0.008169798775277345,0.009779551951538823,-0.025243069208273534,1.4197447017238563e-15,0.028068492593119387
bar_pressure,4283165,0,0.0,85465,1.9953702460680363,67605,2131828.7627612064,0.49772277340732995,0.49999974999988656,"[0.0000, 0.0333]",0.0,0.9999999999259094,0.9999999999259094,0.0922460841848971,0.3037204046238861,0.6102200265711072,0.00014675454737126574,0.22569723992331972,0.49999974999988656,0.7692313039527311,0.5435340640294114,0.0,0.03571414651242601,0.08108038226838098,0.22569723992331972,0.49999974999988656,0.7692313039527311,0.9166647970233823,0.9624991893228353,0.9999999333333802,0.2719303082559435,0.007260053886610527,-1.2778246499467079,-0.008755176359649165,0.005628935976448843,-0.01444343837924219,4.933464777425613e-06,0.004850970757318329
roll_spread_21d,4283165,53570,1.250710631040364,1685163,39.84218347146712,60663,56746.29381301438,0.013416484039964673,0.007788907800068297,"[0.0000, 0.0680]",0.0,2.0398324085288473,2.0398324085288473,0.00045155922667930264,0.0212499229805499,1.5838666325234356,1.0332560772003276e-05,0.0,0.007788907800068297,0.019238015434609353,0.019238015434609353,0.0,0.0,0.0,0.0,0.007788907800068297,0.019238015434609353,0.034022187336945446,0.047166819482849724,0.0909052490015318,0.007788907800068297,10.449439670853865,457.6939282001762,0.007675153923743783,0.015219968356567519,-0.0102638943938018,0.0011713207005224445,0.02611619066034887
