variable,N,missing_count,missing_pct,zero_count,zero_pct,unique_count,sum,mean,median,modal_interval,minimum,maximum,range,variance,std,cv,sem,q1,q2,q3,iqr,p1,p5,p10,p25,p50,p75,p90,p95,p99,mad,skewness,kurtosis,partition,base_variable
open_FULL_DATASET,4283165,0,0.0,0,0.0,91158,285525697.3665643,66.66231568631241,31.81999969438116,"[0.0800, 144.5710]",0.08000000021186074,4334.810058593511,4334.730058593299,13656.27847055087,116.86008073996385,1.7530156211210854,0.05646557818859899,12.210000038047715,31.81999969438116,77.11000061022948,64.90000057218177,1.009999990561296,2.819999933382658,5.099999904918283,12.210000038047715,31.81999969438116,77.11000061022948,159.39999389651064,238.92999267570102,492.7099914549113,23.86999988507843,8.835619600588892,163.66709242414092,FULL_DATASET,open
high_FULL_DATASET,4283165,0,0.0,0,0.0,93888,289715366.25538605,67.64048694257309,32.355000495771186,"[0.1000, 147.3185]",0.1000000003790054,4416.655029296732,4416.5550292963535,14019.935939666288,118.40581041345179,1.750516824520025,0.05721245872457078,12.424999713646054,32.355000495771186,78.23999786306786,65.8149981494218,1.0450000159161048,2.9000000944322633,5.225000142704613,12.424999713646054,32.355000495771186,78.23999786306786,161.6099975583995,242.17499542224448,499.0554083250696,24.230000496030023,8.797128525673129,162.2121259402258,FULL_DATASET,high
low_FULL_DATASET,4283165,0,0.0,0,0.0,93888,281266696.0484957,65.66795723454402,31.259999275435714,"[-3.7600, 139.6602]",-3.760000073561436,4298.844970703179,4302.60497077674,13297.469344759373,115.31465364280193,1.756026203604605,0.055718843854367664,11.975000381523714,31.259999275435714,75.96000289933437,63.985002517810656,0.9700000288122494,2.7300000192533425,4.975000143121008,11.975000381523714,31.259999275435714,75.96000289933437,157.12500000005988,235.6650085450153,486.3550109864836,23.504999160949865,8.84241800197331,164.4592317838493,FULL_DATASET,low
close_FULL_DATASET,4283165,0,0.0,0,0.0,25432,285491031.1519409,66.65422208855856,31.809999465942383,"[0.0900, 145.2383]",0.09000000357627869,4354.5400390625,4354.450039058924,13654.83570345663,116.85390752326869,1.7531358683664535,0.056462595354360226,12.199999809265137,31.809999465942383,77.0999984741211,64.89999866485596,1.0099999904632568,2.819999933242798,5.099999904632568,12.199999809265137,31.809999465942383,77.0999984741211,159.36000061035156,238.8893341064447,492.6035986328159,23.869999408721924,8.819155023815094,163.30687139185795,FULL_DATASET,close
adj_close_FULL_DATASET,4283165,0,0.0,0,0.0,64483,272254361.4644338,63.563827558460574,29.299999237060547,"[0.0547, 145.2042]",0.05470869690179825,4354.5400390625,4354.485330365598,13276.788389475692,115.22494690593567,1.812743998119825,0.05567549849012958,10.460000038146973,29.299999237060547,73.0540771484375,62.59407711029053,0.9879999756813049,2.5600076198577884,4.440359783172608,10.460000038146973,29.299999237060547,73.0540771484375,152.60000610351562,231.8521270751953,483.1921704101569,22.499999046325684,9.103230301740949,172.53859706708678,FULL_DATASET,adj_close
volume_FULL_DATASET,4283165,0,0.0,164,0.0038289442503382427,45954,11151776544370.0,2603629.919550146,703500.0,"[0.0000, 51463700.0000]",0.0,1543911000.0,1543911000.0,136009997577425.88,11662332.424409188,4.479258875018688,5635.117990695597,276000.0,703500.0,1926500.0,1650500.0,44000.0,92300.20000000001,134531.20000000007,276000.0,703500.0,1926500.0,5111400.0,9353379.999999981,30417608.0000001,528800.0,37.308650762902566,2173.8768339417306,FULL_DATASET,volume
hl_spread_pct_FULL_DATASET,4283165,0,0.0,814,0.01900463792545933,93883,157073.64520583377,0.03667233113966746,0.02828408336994702,"[0.0000, 0.2407]",0.0,7.222171962908448,7.222171962908448,0.000985577576006669,0.031393909855363174,0.8560652683826792,1.5169211422405065e-05,0.01839769802972116,0.02828408336994702,0.044775908344448986,0.026378210314727826,0.006071665140342494,0.010044727382157155,0.012672144364859821,0.01839769802972116,0.02828408336994702,0.044775908344448986,0.06894845775172175,0.08994075034236897,0.1519772109934016,0.011793768051369564,4.757287005688101,56.06931209361806,FULL_DATASET,hl_spread_pct
oc_spread_pct_FULL_DATASET,4283165,0,0.0,78134,1.824211768633709,89907,-227.61749639996475,-5.314236000713602e-05,0.0,"[-0.0108, 0.1128]",-0.8758613123071461,2.8315691570854624,3.707430469392609,0.0008052247342675004,0.028376482062924934,533.9610077178894,1.3711221629282268e-05,-0.011839621828027058,0.0,0.011128723504992959,0.022968345333020015,-0.07606359293242891,-0.04023393936813561,-0.027234026454907297,-0.011839621828027058,0.0,0.011128723504992959,0.026315418105445194,0.039741174530205876,0.08192444219295983,0.011484186766122511,1.5518506659500724,41.65171717297653,FULL_DATASET,oc_spread_pct
overnight_gap_FULL_DATASET,4283165,2435,0.05685048322910744,238431,5.569867756200461,81429,3518.2261090610195,0.000821875266382374,0.0002898904332772616,"[-0.8918, 6.6463]",-0.891774885233576,225.2499831073349,226.1417579925685,0.012466660050330333,0.11165419853427068,135.85280789982576,5.396549193800949e-05,-0.0049645848638208085,0.0002898904332772616,0.006181300053037511,0.01114588491685832,-0.047209758744648986,-0.020330559874818285,-0.012935201971670585,-0.0049645848638208085,0.0002898904332772616,0.006181300053037511,0.014176936252567192,0.022082916203135638,0.051882598925134124,0.005581496477665633,11.759958483337535,1304.535366480259,FULL_DATASET,overnight_gap
ret_1d_FULL_DATASET,4283165,2435,0.05685048322910744,71453,1.669177920588311,92319,960.5181678265295,0.0002243818619316167,5.966399617176771e-05,"[-0.0650, 0.1904]",-2.108429050503844,5.554251012047692,7.662680062551535,0.0011477533136992747,0.033878508138630824,150.98527510962802,1.637439865072256e-05,-0.01273908961882177,5.966399617176771e-05,0.013101878426418257,0.025840968045240026,-0.09023618566924327,-0.04525654763189394,-0.030256951239106922,-0.01273908961882177,5.966399617176771e-05,0.013101878426418257,0.03024389703293269,0.04546238109855074,0.09353903693979095,0.012923545522637338,0.4827582798178664,93.97779731127069,FULL_DATASET,ret_1d
log_return_1d_FULL_DATASET,4283165,0,0.0,71891,1.6784550676894308,90623,-1.0596526717345878,-2.473994515118114e-07,0.0,"[-0.0164, 0.3815]",-6.382742309200806,5.554167755754406,11.936910064955212,0.0032770979973394945,0.05724594306446086,230459.21686239634,2.7660645565350657e-05,-0.0128839783093421,0.0,0.013046410434919989,0.025930388744262088,-0.09149194253384509,-0.04550315934579464,-0.030446828729615825,-0.0128839783093421,0.0,0.013046410434919989,0.030239414426797576,0.04552702533166867,0.0943990624199873,0.012966122963418413,-5.0919759771866815,1749.575487505518,FULL_DATASET,log_return_1d
dollar_volume_FULL_DATASET,4283165,0,0.0,164,0.0038289442503382427,99917,677665120318358.1,158215973.5425458,24346768.77593994,"[0.0000, 5145923746.3126]",0.0,154377712389.37683,154377712389.37683,9.381700566767525e+17,968591790.5272337,6.121959552123036,468013.5007141664,5782056.081390381,24346768.77593994,96515404.32701111,90733348.24562073,137599.99692440033,787922.7646160127,1661159.9908447266,5782056.081390381,24346768.77593994,96515404.32701111,289868363.1802369,543033010.8789059,1748162255.0955505,22259628.82041931,27.86195276750387,1078.843230893261,FULL_DATASET,dollar_volume
log_turnover_FULL_DATASET,4283165,0,0.0,164,0.0038289442503382427,99917,72562912.22318909,16.941423508827956,17.007909740620732,"[16.3164, 17.1751]",0.0,25.762668114314394,25.762668114314394,4.163921798284597,2.040568988856931,0.12044849641313603,0.0009859817574995719,15.570270073766768,17.007909740620732,18.38521319426241,2.8149431204956414,11.832113449545254,13.577156618738279,14.323027307947202,15.570270073766768,17.007909740620732,18.38521319426241,19.484937461272335,20.112680671406345,21.281830933725175,1.4062453525914194,-0.2224483138274803,0.34599177959992833,FULL_DATASET,log_turnover
open_TRAIN_PERIOD,2761290,0,0.0,0,0.0,92648,166400921.51045942,60.26202300752888,30.98999977135138,"[0.0800, 107.9917]",0.08000000021186074,3237.429931640415,3237.349931640203,9169.420541738631,95.75709133917253,1.5890122262510178,0.057625530386688315,12.550000190955007,30.98999977135138,71.48999786402376,58.93999767306876,1.0499999526832575,3.0899999137652716,5.380000114901911,12.550000190955007,30.98999977135138,71.48999786402376,142.57000732426593,212.73971710195593,420.1810937500491,22.439999580980153,7.675466516930865,124.68349777767958,TRAIN_PERIOD,open
high_TRAIN_PERIOD,2761290,0,0.0,0,0.0,94611,168907136.9478019,61.16964786306469,31.534999847324137,"[0.1000, 109.3423]",0.1000000003790054,3277.3701171873827,3277.2701171870035,9414.1545555562,97.02656623603765,1.5861880789579927,0.05838948596659755,12.789999961373669,31.534999847324137,72.60499572742832,59.81499576605465,1.0900000927963296,3.1750000708712114,5.515000104498515,12.789999961373669,31.534999847324137,72.60499572742832,144.55999755844812,215.55499267564502,425.84665115350293,22.785000324577965,7.662819685904831,124.07968281364387,TRAIN_PERIOD,high
low_TRAIN_PERIOD,2761290,0,0.0,0,0.0,94611,163877534.89320606,59.348179616485794,30.414999008279604,"[-3.7600, 103.0743]",-3.760000073561436,3201.2700195313673,3205.030019604929,8935.911994955055,94.52995289830126,1.5928029049512724,0.05688705240532786,12.304999828486741,30.414999008279604,70.36499786387151,58.059998035384766,1.009999990561296,2.9850000145005224,5.23499989552193,12.304999828486741,30.414999008279604,70.36499786387151,140.62000274667685,209.97774620077917,414.70999313359926,22.084999084439865,7.716887123856932,126.36372575966573,TRAIN_PERIOD,low
close_TRAIN_PERIOD,2761290,0,0.0,0,0.0,22794,166392335.92050397,60.25891373977524,30.979999542236328,"[0.0900, 108.0643]",0.09000000357627869,3239.320068359375,3239.2300683557987,9172.30838142621,95.77216913814895,1.5893444337570768,0.05763460403492605,12.550000190734863,30.979999542236328,71.48999786376953,58.93999767303467,1.0499999523162842,3.0799999237060547,5.380000114440918,12.550000190734863,30.979999542236328,71.48999786376953,142.5800018310547,212.75,420.2029864501918,22.4399995803833,7.689314759009132,125.20137677054413,TRAIN_PERIOD,close
adj_close_TRAIN_PERIOD,2761290,0,0.0,0,0.0,69273,155164017.66610107,56.192583055782286,27.836139678955078,"[0.0547, 108.0302]",0.05470869690179825,3239.320068359375,3239.265359662473,8702.53957856361,93.28740310762011,1.6601372998524329,0.05613930004862508,10.210869073867798,27.836139678955078,66.09688568115234,55.886016607284546,1.0099999904632568,2.6996123790740967,4.478374528884889,10.210869073867798,27.836139678955078,66.09688568115234,133.8800048828125,202.22000122070312,409.010009765625,20.836139678955078,8.128046988428,138.59624725380579,TRAIN_PERIOD,adj_close
volume_TRAIN_PERIOD,2761290,0,0.0,152,0.0055046735402656,45083,6895880767809.0,2497340.2894332,618900.0,"[0.0000, 51463700.0000]",0.0,1543911000.0,1543911000.0,164021131585815.5,12807073.498103129,5.128285301083192,7707.151425636336,242500.0,618900.0,1751200.0,1508700.0,36500.0,82000.0,119000.0,242500.0,618900.0,1751200.0,4760000.0,8762154.999999981,29121065.99999992,467300.0,38.81271641716448,2427.1603073969245,TRAIN_PERIOD,volume
hl_spread_pct_TRAIN_PERIOD,2761290,0,0.0,588,0.021294395011027454,94599,104626.94729995148,0.03789060450005305,0.029062741592040767,"[0.0000, 0.2407]",0.0,7.222171962908448,7.222171962908448,0.0011039083727387496,0.033225116594810464,0.8768695077930055,1.999449794432381e-05,0.018760419166011108,0.029062741592040767,0.046265633463940734,0.027505214297929625,0.006246863888864168,0.010174450755693,0.012845037649744677,0.018760419166011108,0.029062741592040767,0.046265633463940734,0.07142687415639941,0.09328731181663456,0.15928399158792816,0.012298308922075188,5.236648537770727,79.50230772930745,TRAIN_PERIOD,hl_spread_pct
oc_spread_pct_TRAIN_PERIOD,2761290,0,0.0,48096,1.7417945960040415,91394,-86.60349838912809,-3.136342013664921e-05,0.0,"[-0.0709, 0.0298]",-0.8758613123071461,2.1428496038118046,3.018710916118951,0.0008692059183141901,0.02948229838927403,939.991820694433,1.7742112442439227e-05,-0.012243795252337392,0.0,0.011555986880834956,0.023799782133172347,-0.07849836717037864,-0.04164039466904084,-0.02822283135099949,-0.012243795252337392,0.0,0.011555986880834956,0.027317534387385742,0.04121414475708581,0.08430172806888504,0.011899726279573232,1.5306882460696614,42.449915435636406,TRAIN_PERIOD,oc_spread_pct
overnight_gap_TRAIN_PERIOD,2761290,2435,0.08818342151675485,142108,5.150977488849541,83888,2431.140401623383,0.0008812135475127844,0.00037942293805802034,"[-0.8528, 6.6840]",-0.8527865447403379,225.2499831073349,226.10276965207524,0.018857727726487552,0.13732344201369098,155.8342884843248,8.26761496664808e-05,-0.005156000936902509,0.00037942293805802034,0.006428074348620779,0.011584075285523288,-0.04927806618695743,-0.021199326036535387,-0.013504322947085914,-0.005156000936902509,0.00037942293805802034,0.006428074348620779,0.014754549700633017,0.023083269207088964,0.054151659154792774,0.005800827743206823,219.67468936713126,82191.3800553066,TRAIN_PERIOD,overnight_gap
ret_1d_TRAIN_PERIOD,2761290,2435,0.08818342151675485,43966,1.5936321408700347,94253,661.8587473252599,0.00023990341910874616,0.00019962879506188577,"[-0.0650, 0.1904]",-2.108429050503844,5.554251012047692,7.662680062551535,0.0012353167403685254,0.035147072998594424,146.50448344872976,2.1160441545594315e-05,-0.013204689367670518,0.00019962879506188577,0.01362766460518891,0.026832353972859428,-0.09428241508653303,-0.04703835232859202,-0.0314234140088425,-0.013204689367670518,0.00019962879506188577,0.01362766460518891,0.03150925593418475,0.047292273303903454,0.09696275409941234,0.01341711801150893,-0.3405127837264353,150.1275153122808,TRAIN_PERIOD,ret_1d
log_return_1d_TRAIN_PERIOD,2761290,0,0.0,44264,1.6030188788573456,92036,-147.31777352449086,-5.3351069074414806e-05,0.0,"[-0.0164, 0.3815]",-6.382742309200806,5.554167755754406,11.936910064955212,0.004534960956867551,0.06734211874352893,1262.2213142212154,4.052572248893804e-05,-0.013348334876461811,0.0,0.01358315393709378,0.02693148881355559,-0.09617005747070355,-0.04737668930708168,-0.03165135544513755,-0.013348334876461811,0.0,0.01358315393709378,0.03152615870784466,0.04742328279013839,0.09835255023349324,0.013466679786296946,-14.5099392872947,2163.5786663630447,TRAIN_PERIOD,log_return_1d
dollar_volume_TRAIN_PERIOD,2761290,0,0.0,152,0.0055046735402656,99906,367340747454154.06,133032295.57712303,20894895.660591125,"[0.0000, 5145923746.3126]",0.0,154377712389.37683,154377712389.37683,6.174032208506245e+17,785750100.7639925,5.906461264576678,472855.4896006528,5204137.675714493,20894895.660591125,82181967.03910828,76977829.36339378,112081.00392922401,703718.349506855,1516944.0448760986,5204137.675714493,20894895.660591125,82181967.03910828,249190486.26918793,470433465.84457374,1471458344.4864233,18963845.431137085,29.697426282931715,1309.9463106594262,TRAIN_PERIOD,dollar_volume
log_turnover_TRAIN_PERIOD,2761290,0,0.0,152,0.0055046735402656,99906,46395724.90258611,16.80219205609918,16.85501550819935,"[16.3164, 17.1751]",0.0,25.762668114314394,25.762668114314394,4.11007912344382,2.0273330075357183,0.12065884026597229,0.001220025986544291,15.46496476615876,16.85501550819935,18.224446469040096,2.7594817028813363,11.626986059924116,13.464134904386647,14.232209031488656,15.46496476615876,16.85501550819935,18.224446469040096,19.33372817107186,19.969165097520104,21.109519817696746,1.3793051824362577,-0.23264790121704956,0.3746252867704065,TRAIN_PERIOD,log_turnover
open_VAL_PERIOD,747545,0,0.0,0,0.0,91832,54767357.238755345,73.26295706446481,32.07500076303976,"[0.1200, 130.4493]",0.11999999808702157,3909.999999999904,3909.880000001817,18900.708006445384,137.47984581910683,1.8765260279660891,0.1590085092259352,11.30000019083994,32.07500076303976,85.09999847401271,73.79999828317277,0.9200000165794104,2.400000095283398,4.559999943056726,11.30000019083994,32.07500076303976,85.09999847401271,175.94000244139977,263.6580017089923,551.286801757762,25.37500095400363,9.617979674248481,170.3330129119254,VAL_PERIOD,open
high_VAL_PERIOD,747545,0,0.0,0,0.0,94376,55482724.71966627,74.21991280747818,32.54500007622744,"[0.1350, 130.8808]",0.13499999380393185,3922.5100097655154,3922.3750097717116,19352.486373811513,139.1132142314723,1.8743381522213447,0.16089765504741585,11.48500013327822,32.54500007622744,86.2450027464582,74.76000261317998,0.9519999621072075,2.464999913688839,4.671900081194443,11.48500013327822,32.54500007622744,86.2450027464582,178.1100006102237,266.7950042723102,557.2027978514352,25.7199997903883,9.615612915285022,170.20026482025918,VAL_PERIOD,high
low_VAL_PERIOD,747545,0,0.0,0,0.0,94376,54028181.61444637,72.274152879688,31.589999199093864,"[0.1250, 128.3683]",0.12499999293403498,3847.4249267578966,3847.2999267649625,18459.888162128183,135.86717102423302,1.8798860395987755,0.1571432975400236,11.110000610414174,31.589999199093864,83.97000122079633,72.86000061038216,0.8815000192706142,2.3200001720348205,4.445000171805502,11.110000610414174,31.589999199093864,83.97000122079633,173.6130020143094,260.5959991456385,544.6499804688814,25.03999924642412,9.642758882449206,171.17434071674623,VAL_PERIOD,low
close_VAL_PERIOD,747545,0,0.0,0,0.0,25779,54755453.16705632,73.24703284358309,32.060001373291016,"[0.1300, 129.4640]",0.12999999523162842,3880.14990234375,3880.0199023485184,18902.134658405794,137.4850343070321,1.8770048282877259,0.15901451020538945,11.289999961853027,32.060001373291016,85.11000061035156,73.82000064849854,0.9200000166893005,2.390000104904175,4.559999942779541,11.289999961853027,32.060001373291016,85.11000061035156,175.88999938964844,263.7580078124993,550.9112011718738,25.370001316070557,9.628731482863161,170.6641388474748,VAL_PERIOD,close
adj_close_VAL_PERIOD,747545,0,0.0,0,0.0,67347,53297297.90026507,71.29644088351212,30.66761589050293,"[0.1300, 129.4640]",0.12999999523162842,3880.14990234375,3880.0199023485184,18470.462694421763,135.90608041740356,1.9062112881279425,0.15718829995158487,10.403230667114258,30.66761589050293,82.61212158203125,72.20889091491699,0.9089209723472595,2.265758514404297,4.260000228881836,10.403230667114258,30.66761589050293,82.61212158203125,171.8181945800781,258.674786376953,543.2967944335937,24.521977424621582,9.836461963981947,177.78546371954448,VAL_PERIOD,adj_close
volume_VAL_PERIOD,747545,0,0.0,5,0.0006688560554882984,41401,1932540350915.0,2585182.632369958,751300.0,"[0.0000, 29173266.6667]",0.0,875198000.0,875198000.0,93568553408568.08,9673083.965756116,3.741741045540115,11187.841038431054,307300.0,751300.0,1958500.0,1651200.0,59400.0,107500.0,152800.0,307300.0,751300.0,1958500.0,5174759.999999998,9648859.999999985,30388063.999999885,551000.0,24.389625166188797,990.9869532605728,VAL_PERIOD,volume
hl_spread_pct_VAL_PERIOD,747545,0,0.0,96,0.012842036265375329,94376,25218.43073523054,0.03373500021434234,0.025695439404503376,"[0.0000, 0.0415]",0.0,1.243900142195595,1.243900142195595,0.0008002166973842666,0.02828810169283663,0.8385386297484415,3.2717878407632546e-05,0.017054250464461258,0.025695439404503376,0.040719685651994963,0.023665435187533706,0.006024111961987431,0.009652457543968325,0.011996636488654476,0.017054250464461258,0.025695439404503376,0.040719685651994963,0.0640175071978746,0.08448519193656027,0.1410970850548446,0.010423714373395976,4.460991543114723,57.69204628782189,VAL_PERIOD,hl_spread_pct
oc_spread_pct_VAL_PERIOD,747545,0,0.0,15258,2.0410811389280914,90629,-187.2504148966354,-0.0002504871477926217,0.0,"[-0.0564, 0.0547]",-0.5007107889421245,2.8315691570854624,3.3322799460275867,0.0006885606166123318,0.02624043857507591,104.75720630422913,3.0349561380419147e-05,-0.010810741866615485,0.0,0.009907613128289375,0.02071835499490486,-0.07205051684726758,-0.03749980357608085,-0.025023245198286446,-0.010810741866615485,0.0,0.009907613128289375,0.023060557462398087,0.03529403788783787,0.0787648778672828,0.01034479413647486,1.2360524386016045,29.509635346425206,VAL_PERIOD,oc_spread_pct
overnight_gap_VAL_PERIOD,747545,0,0.0,45520,6.089265529165468,82882,502.03015081215216,0.0006715718128168233,0.0002774902687524249,"[-0.0553, 0.0580]",-0.8481873089538247,2.5498652097380075,3.398052518691832,0.0003377813650762591,0.018378829262938896,27.366845280486157,2.1256862960576263e-05,-0.004646145921022432,0.0002774902687524249,0.005881846739269687,0.01052799266029212,-0.04631853444259678,-0.01939556729850898,-0.012037575771011126,-0.004646145921022432,0.0002774902687524249,0.005881846739269687,0.013289023869392397,0.020654051781563865,0.047791551669476295,0.005270930577662761,13.442625573463566,1665.8286123079183,VAL_PERIOD,overnight_gap
ret_1d_VAL_PERIOD,747545,0,0.0,13817,1.8483168237363636,93284,13.502878306483748,1.8062963843626467e-05,0.0,"[-0.0321, 0.0795]",-1.817774646725199,1.5303829906583104,3.348157637383509,0.0009699010303125791,0.03114323410168859,1724.0531685783296,3.602011042040011e-05,-0.011684686719244615,0.0,0.011797945248782252,0.023482631968026867,-0.08369896943745643,-0.04208702683661866,-0.027915090758065975,-0.011684686719244615,0.0,0.011797945248782252,0.02679240130190297,0.040456353073672936,0.08757618101379487,0.011743595887084507,-0.36895228308548794,100.6869927041006,VAL_PERIOD,ret_1d
log_return_1d_VAL_PERIOD,747545,0,0.0,13903,1.8598211478907625,91467,-61.93220994344537,-8.284746730089209e-05,0.0,"[-0.0321, 0.0795]",-1.8177726987900507,1.5303819346655914,3.348154633455642,0.000973291172809562,0.031197614857702855,376.56236589625996,3.608300693365184e-05,-0.011834396124032207,0.0,0.011730947703058475,0.023565343827090683,-0.08381831733828918,-0.04221387072942641,-0.028063621122581903,-0.011834396124032207,0.0,0.011730947703058475,0.026747513896464334,0.04042917336098267,0.08753699593443713,0.011777044541631539,-0.37048714981825964,100.30021503175182,VAL_PERIOD,log_return_1d
dollar_volume_VAL_PERIOD,747545,0,0.0,5,0.0006688560554882984,99922,129246839669841.98,172895062.73179805,26799633.15525055,"[0.0000, 3232198455.9559]",0.0,96965953678.67584,96965953678.67584,1.289479541936358e+18,1135552527.158633,6.567871338929724,1313374.4325609587,6061948.690986633,26799633.15525055,107073098.92272949,101011150.23174286,165285.9979071617,817202.412276268,1724594.3922615051,6061948.690986633,26799633.15525055,107073098.92272949,313415392.6624298,581094544.9014279,1815240230.0863018,24634405.27216339,30.242504468296154,1251.933273668052,VAL_PERIOD,dollar_volume
log_turnover_VAL_PERIOD,747545,0,0.0,5,0.0006688560554882984,99922,12723898.762375245,17.020913473269495,17.103898794464424,"[16.8651, 17.7083]",0.0,25.297625760844305,25.297625760844305,4.17218963341082,2.042593849352049,0.12000494876140677,0.002362453936461971,15.61754203748703,17.103898794464424,18.489022336015047,2.8714802985280166,12.015438620349155,13.613643317470203,14.360503025723009,15.61754203748703,17.103898794464424,18.489022336015047,19.563040004938216,20.180424031177612,21.319483654591203,1.431257016226617,-0.17676163816605484,-0.007009975745875252,VAL_PERIOD,log_turnover
open_TEST_PERIOD,749980,0,0.0,0,0.0,92237,62557297.459947,83.41195426537641,35.43999862666079,"[0.1360, 144.6251]",0.13600000826345887,4334.810058593511,4334.674058585248,24285.02986585604,155.83654855603046,1.8682759554867379,0.17994694582541926,11.869999885514655,35.43999862666079,92.59999847412917,80.7299985886145,0.9900000098308605,2.4200000766505827,4.599999904824466,11.869999885514655,35.43999862666079,92.59999847412917,206.159646606489,312.2900085447623,662.3767889404747,28.57999849338519,8.358924253962373,136.3536387883086,TEST_PERIOD,open
high_TEST_PERIOD,749980,0,0.0,0,0.0,94710,63503061.03095477,84.67300598809938,36.00500106799719,"[0.1350, 147.3523]",0.13499999936640045,4416.655029296732,4416.520029297366,24983.669515922786,158.06223304737532,1.866736998421007,0.18251697917317725,12.04999971350975,36.00500106799719,93.97000503521434,81.9200053217046,1.0249999758907833,2.4900000093318257,4.7199498171659915,12.04999971350975,36.00500106799719,93.97000503521434,209.24549484236675,316.70999298084774,673.4168215940628,29.012501001388948,8.330591723844053,135.24614384460926,TEST_PERIOD,high
low_TEST_PERIOD,749980,0,0.0,0,0.0,94710,61582866.06198699,82.1126777540561,34.84974956524776,"[0.0335, 143.3272]",0.033500024432123326,4298.844970703179,4298.811470678746,23561.936708011344,153.4989795015307,1.8693700375893414,0.17724771758973995,11.679999828552276,34.84974956524776,91.18499755868179,79.5049977301295,0.9504999819145739,2.3600000146309936,4.48999977156089,11.679999828552276,34.84974956524776,91.18499755868179,203.05550003068012,307.5752601624352,652.2331640626385,28.144749641416524,8.388568122233869,137.56775498828247,TEST_PERIOD,low
close_TEST_PERIOD,749980,0,0.0,0,0.0,27468,62542963.54647088,83.39284187107774,35.43000030517578,"[0.1100, 145.2577]",0.10999999940395355,4354.5400390625,4354.430039063096,24265.00460600744,155.7722844603861,1.8679335175953875,0.17987273905014997,11.859999656677246,35.43000030517578,92.55999755859375,80.6999979019165,0.9900000095367432,2.4200000762939453,4.599999904632568,11.859999656677246,35.43000030517578,92.55999755859375,206.14999389648438,312.1700134277344,662.6599731445312,28.580001831054688,8.358893381693278,136.38401855563862,TEST_PERIOD,close
adj_close_TEST_PERIOD,749980,0,0.0,0,0.0,63704,62039244.64307994,82.7211987560734,34.92424774169922,"[0.1100, 145.2577]",0.10999999940395355,4354.5400390625,4354.430039063096,24126.399853942945,155.32675189400874,1.8777139865943602,0.17935827549632877,11.500832796096802,34.92424774169922,91.77712059020996,80.27628779411316,0.9800000190734863,2.390000104904175,4.5,11.500832796096802,34.92424774169922,91.77712059020996,204.9600067138672,310.61738586425764,660.0442205810539,28.284247875213623,8.406502244324978,137.84326239293551,TEST_PERIOD,adj_close
volume_TEST_PERIOD,749980,0,0.0,7,0.0009333582228859437,44953,2262517456773.0,3016770.3895743885,1002900.0,"[0.0000, 41561040.0000]",0.0,1246831200.0,1246831200.0,76696915725639.17,8757677.530352391,2.9029977092780794,10112.62979521263,415500.0,1002900.0,2510600.0,2095100.0,77200.0,143200.0,204800.0,415500.0,1002900.0,2510600.0,6278400.0,11199504.999999993,34559525.99999998,726700.0,23.99982189260845,1945.4786571728987,TEST_PERIOD,volume
hl_spread_pct_TEST_PERIOD,749980,0,0.0,124,0.016533774233979573,94710,26458.05951760848,0.03527835344623654,0.028348326248244692,"[0.0000, 0.0580]",0.0,1.7392317456489526,1.7392317456489526,0.0007296163234908746,0.02701141098667144,0.7656652757949993,3.119050668488773e-05,0.018726577183770698,0.028348326248244692,0.04347804787528908,0.024751470691518385,0.005512188443550393,0.010064935990749044,0.012879875711452975,0.018726577183770698,0.028348326248244692,0.04347804787528908,0.06476357454349577,0.08294919703973393,0.13468110336648687,0.011319434969736602,5.18345718557535,131.43611293375815,TEST_PERIOD,hl_spread_pct
oc_spread_pct_TEST_PERIOD,749980,0,0.0,14311,1.90818421824582,91087,21.507014346431298,2.867678384281087e-05,0.0,"[-0.0191, 0.0812]",-0.6209347714392601,2.388390049427043,3.0093248208663033,0.0006933752083856315,0.026332018691806208,918.2027047884067,3.0406001576098284e-05,-0.011547399983349358,0.0,0.010974400550729934,0.022521800534079293,-0.07115973891808408,-0.038021561615266784,-0.025961983190670546,-0.011547399983349358,0.0,0.010974400550729934,0.025919757139295615,0.038546547956045854,0.0761479800660871,0.011265511335879035,1.010700528365404,28.704615328754997,TEST_PERIOD,oc_spread_pct
overnight_gap_TEST_PERIOD,749980,0,0.0,49182,6.55777487399664,82787,594.5316855833651,0.0007927300535792488,0.0,"[-0.8918, 0.0834]",-0.891774885233576,28.36363411762941,29.255409002862987,0.0014455395425359695,0.038020251742143546,47.9610979921612,4.3902590527744035e-05,-0.004618683648806016,0.0,0.005703371028281305,0.010322054677087321,-0.0404814722052944,-0.01830512268606287,-0.011891235183052403,-0.004618683648806016,0.0,0.005703371028281305,0.013100486862782076,0.020111587358156144,0.04701302355355118,0.005181342336332821,11.240635805355017,1456.5934391809735,TEST_PERIOD,overnight_gap
ret_1d_TEST_PERIOD,749980,0,0.0,13215,1.7620469879196778,92953,275.63708181354684,0.00036752590977565645,0.0,"[-0.1477, 0.0291]",-2.0925136110247733,3.2115765347918184,5.304090145816591,0.0010171313726992574,0.03189249712235242,86.77595102306942,3.6826774624374264e-05,-0.012271159327084042,0.0,0.01271696532924872,0.024988124656332763,-0.08251349393919351,-0.04225985246665291,-0.028509134619743057,-0.012271159327084042,0.0,0.01271696532924872,0.02932763374814521,0.04348513589432458,0.08607463666729427,0.012492061454781489,-0.7275279127422725,84.83888036962921,TEST_PERIOD,ret_1d
log_return_1d_TEST_PERIOD,749980,0,0.0,13266,1.7688471692578467,91834,202.00431327654326,0.00026934626693584263,0.0,"[-0.1477, 0.0291]",-2.0924828529156607,3.2114892928293264,5.3039721457449875,0.001025223523400643,0.03201911184590608,118.87669108420131,3.697297866322859e-05,-0.012408456194414212,0.0,0.012654294939989891,0.025062751134404104,-0.08261420543790994,-0.0423826992312301,-0.02864336218217413,-0.012408456194414212,0.0,0.012654294939989891,0.029285610699686458,0.04346586855994542,0.08607419100338776,0.012527265181516365,-0.733973810842818,84.48336621732875,TEST_PERIOD,log_return_1d
dollar_volume_TEST_PERIOD,749980,0,0.0,7,0.0009333582228859437,99946,177077230038956.97,236109269.63246617,39870199.378967285,"[0.0000, 3322885203.2373]",0.0,99686556097.11914,99686556097.11914,1.7574454560989036e+18,1325686786.5747564,5.614717239345812,1530791.6568716282,8663723.540878296,39870199.378967285,148814817.30194092,140151093.76106262,287444.2158642411,1161487.9534304142,2308857.54814148,8663723.540878296,39870199.378967285,148814817.30194092,419836013.6641693,771487621.9186379,2695848438.5565777,36741863.934755325,22.430176494814113,699.6669522067425,TEST_PERIOD,dollar_volume
log_turnover_TEST_PERIOD,749980,0,0.0,7,0.0009333582228859437,99946,13028681.0144861,17.372037940326543,17.501139745131667,"[17.7277, 18.5719]",0.0,25.32529666127254,25.32529666127254,4.0953918801309355,2.0237074591281554,0.11649223113391517,0.00233680725021511,15.974655273575221,17.501139745131667,18.818213260767124,2.843557987191902,12.568787567221658,13.965213320533003,14.652263825334934,15.974655273575221,17.501139745131667,18.818213260767124,19.855374751723815,20.463831186715993,21.714978802992988,1.4112285974909167,-0.18388413730641717,-0.04223460600012929,TEST_PERIOD,log_turnover
