variable,N,missing_count,missing_pct,zero_count,zero_pct,unique_count,sum,mean,median,modal_interval,minimum,maximum,range,variance,std,cv,sem,q1,q2,q3,iqr,p1,p5,p10,p25,p50,p75,p90,p95,p99,mad,skewness,kurtosis,p_gt_0,p_le_0
fwd_ret_1d,4280730,0,0.0,71453,1.669177920588311,92319,3680.4401381674406,0.0008597692772418351,5.9665776103434413e-05,"[-0.8786, 7.7285]",-0.8785714251654488,257.3334034353101,258.21197486047555,0.01680976171848513,0.1296524651461943,150.79896174373775,6.26645406481732e-05,-0.01265829088137235,5.9665776103434413e-05,0.013188084109614712,0.02584637499098706,-0.08628464668788142,-0.04424774559935741,-0.029803791600248083,-0.01265829088137235,5.9665776103434413e-05,0.013188084109614712,0.030705889408098912,0.046511635255365266,0.09805346715277595,0.012927171609121713,10.917060871605127,911.8545950493195,0.5001593186208895,0.4998406813791106
excess_fwd_ret_1d,4280730,0,0.0,0,0.0,99311,-5.684341886080802e-14,-1.3278907770592402e-20,-0.0005438340049020431,"[-0.9808, 7.6261]",-0.9808001404590847,257.2275493336129,258.208349474072,0.016581060999125503,0.12876746871444472,128767468.71273482,6.223679795305108e-05,-0.011908998007766323,-0.0005438340049020431,0.010775952758101764,0.022684950765868087,-0.07767032896983771,-0.03892533400348848,-0.02623612088484597,-0.011908998007766323,-0.0005438340049020431,0.010775952758101764,0.0253900584455931,0.03910529038040179,0.08693567464137603,0.011342052842788128,14.458362624485888,1333.698491601065,0.48616123885412066,0.5138387611458793
zscore_fwd_ret_1d,4280730,0,0.0,0,0.0,99311,-1.2931877790833823e-12,-3.0209515178097713e-19,-0.018934771508779147,"[-2.0223, 0.6802]",-31.749586619284173,49.32486157434605,81.07444819363022,0.9995888361486744,0.9997943969380276,999794396.6359944,0.00048322765445372524,-0.4157061117685583,-0.018934771508779147,0.3840455766740156,0.7997516884425739,-2.530086403494764,-1.3103096706590112,-0.8960629942938638,-0.4157061117685583,-0.018934771508779147,0.3840455766740156,0.8811989510340457,1.3273518355830476,2.8518961404900254,0.3998056137581375,2.522533232870391,86.55620036454492,0.48616123885412066,0.5138387611458793
fwd_ret_5d,4270990,0,0.0,28551,0.6684866974635858,95713,18416.552477315512,0.004312010207777474,0.0021929628875696086,"[-0.9153, 8.5624]",-0.915294126914479,283.4167481146773,284.3320422415918,0.09051800911435551,0.3008621098017421,69.77303520433438,0.00014558050427288473,-0.02838207473111354,0.0021929628875696086,0.03242025671152372,0.06080233144263726,-0.18859711391516817,-0.09942746642811669,-0.06721600680311937,-0.02838207473111354,0.0021929628875696086,0.03242025671152372,0.07278199524958008,0.10972221983067777,0.23004212321957465,0.030401560908158577,3.8669498963744093,104.38271053715387,0.5189241838543288,0.48107581614567113
excess_fwd_ret_5d,4270990,0,0.0,0,0.0,99862,4.547473508864641e-13,1.0647352273980133e-19,-0.0023688209609133808,"[-1.0444, 8.4323]",-1.0444175320173266,283.25655899350227,284.3009765255196,0.08937005310758926,0.29894824486454047,298948244.8327104,0.0001446544274636394,-0.028938732298715467,-0.0023688209609133808,0.024404193390869945,0.053342925689585416,-0.1698696318884201,-0.0909898625411136,-0.06230637207329928,-0.028938732298715467,-0.0023688209609133808,0.024404193390869945,0.05919775371473255,0.09202711642217871,0.20512003092398445,0.026671176302018783,5.047889519952655,148.27163943857556,0.47443824499706155,0.5255617550029384
zscore_fwd_ret_5d,4270990,0,0.0,0,0.0,99862,-2.2737367544323206e-13,-5.323676136990067e-20,-0.03250840742050534,"[-0.6589, 1.6129]",-18.8333368087245,49.32070105702355,68.15403786574805,0.999589245833088,0.9997946018223383,999794601.7691123,0.00048377844055709404,-0.42870800060829733,-0.03250840742050534,0.3783316347387317,0.807039635347029,-2.4555780937327367,-1.3212336864913332,-0.9112690885735311,-0.42870800060829733,-0.03250840742050534,0.3783316347387317,0.8996681861620116,1.365334236309225,2.9316875962871416,0.40333643248098805,3.1358420796268627,67.48470756123683,0.47443824499706155,0.5255617550029384
fwd_ret_21d,4232030,0,0.0,9531,0.22521106891964376,97750,78316.64006466519,0.01850569113750734,0.008733616270600302,"[-0.9535, 13.4671]",-0.9535483786172475,431.6664570303983,432.62000540901556,0.5328653447032886,0.7299762631094854,39.446039504243636,0.0003548414697446932,-0.05734207234759757,0.008733616270600302,0.0761328000493045,0.1334748723969021,-0.354545488042279,-0.19605723930408195,-0.13432026190683968,-0.05734207234759757,0.008733616270600302,0.0761328000493045,0.16472886026555594,0.24463068679654237,0.5105211091893335,0.06671212894948447,451.3875904275595,218065.19261289592,0.5373938748071256,0.46260612519287436
excess_fwd_ret_21d,4232030,0,0.0,0,0.0,99979,-4.547473508864641e-13,-1.0745371627480527e-19,-0.009176249697835457,"[-1.1178, 13.2981]",-1.1178444662045737,431.36014180282444,432.47798626902903,0.5276115398048323,0.7263687354263207,726368735.3482697,0.00035308785049714946,-0.06839439592222146,-0.009176249697835457,0.0508800693733364,0.11927446529555787,-0.32135795605336803,-0.19356141264761104,-0.13881433117538558,-0.06839439592222146,-0.009176249697835457,0.0508800693733364,0.12749365465930668,0.19946483313155292,0.44869001305415573,0.05963314487043922,458.7198906142924,222803.99046735026,0.4558637344253231,0.544136265574677
zscore_fwd_ret_21d,4232030,0,0.0,0,0.0,99979,-9.094947017729282e-13,-2.1490743254961053e-19,-0.05167081096105652,"[-0.9753, 0.9589]",-8.711906491863369,49.31270244975463,58.024608941618,0.9995894149728325,0.999794686409581,999794686.1947175,0.0004860002083592414,-0.44742581979742624,-0.05167081096105652,0.36876247069201484,0.8161882904894411,-2.2778806529880558,-1.3135417673026215,-0.9239104556783153,-0.44742581979742624,-0.05167081096105652,0.36876247069201484,0.9156899695626058,1.3978102170667053,2.9971377169868445,0.4073465867796195,3.771116298039344,76.82522258068734,0.4558637344253231,0.544136265574677
