confidence_threshold,prediction_count,coverage_pct,directional_accuracy,balanced_accuracy,precision,recall,f1_score,roc_auc
0.5,737805,100.0,0.5148338653167165,0.5078943393454111,0.5173760371780088,0.7893221939740581,0.6250508021502403,0.5114130884670869
0.55,127293,17.252932685465673,0.5216626208825309,0.5043558836505029,0.5217398530731643,0.9495016711785969,0.6734351284237851,0.4999475893936063
0.6,7993,1.0833485812646972,0.505066933566871,0.500809037881707,0.5047235168157199,0.9940461423964276,0.6695071010860485,0.5105347739771942
0.65,647,0.08769254748883512,0.5517774343122102,0.5,0.5517774343122102,1.0,0.7111553784860558,0.5458031488457452
0.7,16,0.002168594682876912,0.5625,0.5,0.5625,1.0,0.72,0.4920634920634921
0.75,0,0.0,0.0,0.0,0.0,0.0,0.0,0.0
0.8,0,0.0,0.0,0.0,0.0,0.0,0.0,0.0
0.85,0,0.0,0.0,0.0,0.0,0.0,0.0,0.0
0.9,0,0.0,0.0,0.0,0.0,0.0,0.0,0.0
