experiment_id,experiment_name,timestamp,parameters,mean_rank_ic,ic_ir,ic_t_stat,ic_p_val,mae,rmse,directional_accuracy
EXP_BASELINE_ZERO,BASELINE_ZERO,2026-09-29T00:15:01.166774,"{""type"": ""heuristic_baseline""}",0.0,0.0,0.0,1.0,0.6146347811075089,0.999794492713504,0.5
EXP_BASELINE_HIST_MEAN,BASELINE_HIST_MEAN,2026-09-29T00:15:01.861225,"{""type"": ""heuristic_baseline""}",0.0,0.0,0.0,1.0,0.6146347811075089,0.999794492713504,0.5277234499630661
EXP_BASELINE_MOMENTUM,BASELINE_MOMENTUM,2026-09-29T00:15:02.658716,"{""type"": ""heuristic_baseline""}",-0.023352150213635993,-0.18864541909229865,-3.2837313026391795,0.0011447993931433518,0.6179734226104138,1.003511721416507,0.48965254560074484
EXP_OLS_LINEAR,OLS_LINEAR,2026-09-29T00:15:07.609926,"{""type"": ""linear"", ""model"": ""ols""}",0.0014907749885978586,0.014901231985006879,0.2593842092253503,0.7955155361471088,0.6147807401445902,0.9995075837052547,0.5106010395700761
EXP_RIDGE_REGRESSION,RIDGE_REGRESSION,2026-09-29T00:15:10.350906,"{""type"": ""linear"", ""alpha"": 100.0}",0.0014921845803764077,0.01491473724958446,0.2596192939727864,0.7953343457125125,0.6147806060242262,0.9995074462240988,0.5105969734550457
EXP_BASELINE_ZERO,BASELINE_ZERO,2026-09-29T00:25:31.894854,"{""type"": ""heuristic_baseline""}",0.0,0.0,0.0,1.0,0.6146347811075089,0.999794492713504,0.5
EXP_BASELINE_HIST_MEAN,BASELINE_HIST_MEAN,2026-09-29T00:25:32.623844,"{""type"": ""heuristic_baseline""}",0.0,0.0,0.0,1.0,0.6146347811075089,0.999794492713504,0.5277234499630661
EXP_BASELINE_MOMENTUM,BASELINE_MOMENTUM,2026-09-29T00:25:33.503269,"{""type"": ""heuristic_baseline""}",-0.023352150213635993,-0.18864541909229865,-3.2837313026391795,0.0011447993931433518,0.6179734226104138,1.003511721416507,0.48965254560074484
EXP_OLS_LINEAR,OLS_LINEAR,2026-09-29T00:25:38.401051,"{""type"": ""linear"", ""model"": ""ols""}",0.0014907749885978586,0.014901231985006879,0.2593842092253503,0.7955155361471088,0.6147807401445902,0.9995075837052547,0.5106010395700761
EXP_RIDGE_REGRESSION,RIDGE_REGRESSION,2026-09-29T00:25:41.408209,"{""type"": ""linear"", ""alpha"": 100.0}",0.0014921845803764077,0.01491473724958446,0.2596192939727864,0.7953343457125125,0.6147806060242262,0.9995074462240988,0.5105969734550457
EXP_RANDOM_FOREST,RANDOM_FOREST,2026-09-29T00:26:09.115379,"{""type"": ""ensemble_tree"", ""n_trees"": 100}",0.0011542310165016919,0.01067595172843274,0.18583518993125,0.8526987637732425,0.6148892056738432,0.9995765290289331,0.5131342292340118
EXP_RANDOM_FOREST,RANDOM_FOREST,2026-09-29T00:26:56.301454,"{""type"": ""ensemble_tree"", ""n_trees"": 100}",-0.0020204655654866197,-0.02058914412932874,-0.3583931103403017,0.7202995396875994,0.6148565168696717,0.9996047970103333,0.5210970378352003
EXP_LIGHTGBM_GBDT,LIGHTGBM_GBDT,2026-09-29T00:27:03.289491,"{""type"": ""gradient_boosting"", ""lr"": 0.03}",0.0013159518452092456,0.013315663104112042,0.2317843754325588,0.8168624681792671,0.6150702813053346,1.0008837540564333,0.5221095004777685
EXP_BASELINE_ZERO,BASELINE_ZERO,2026-09-29T00:29:42.618635,"{""type"": ""heuristic_baseline""}",0.0,0.0,0.0,1.0,0.6146347811075089,0.999794492713504,0.5
EXP_BASELINE_HIST_MEAN,BASELINE_HIST_MEAN,2026-09-29T00:29:42.910239,"{""type"": ""heuristic_baseline""}",0.0,0.0,0.0,1.0,0.6146347811075089,0.999794492713504,0.5277234499630661
EXP_BASELINE_MOMENTUM,BASELINE_MOMENTUM,2026-09-29T00:29:43.354600,"{""type"": ""heuristic_baseline""}",-0.023352147054305255,-0.1886454286593416,-3.283731469171756,0.001144798740285646,0.6179734226125383,1.003511721419556,0.48965254560074484
EXP_OLS_LINEAR,OLS_LINEAR,2026-09-29T00:29:46.825320,"{""type"": ""linear"", ""model"": ""ols""}",0.0014907703390598357,0.014901186656139466,0.25938342019042954,0.7955161443106331,0.61478074014609,0.9995075837076518,0.5106010395700761
EXP_RIDGE_REGRESSION,RIDGE_REGRESSION,2026-09-29T00:29:48.536566,"{""type"": ""linear"", ""alpha"": 100.0}",0.0014921821608660877,0.014914712080550077,0.2596188558579975,0.7953346833770578,0.6147806060237729,0.9995074462237439,0.5105969734550457
EXP_RANDOM_FOREST_GPU,RANDOM_FOREST_GPU,2026-09-29T00:29:54.684164,"{""type"": ""gpu_ensemble_tree"", ""n_trees"": 50, ""device"": ""cuda""}",0.00047902100541155927,0.0048316206071479136,0.084103521967925,0.9330298470033929,0.615291111874011,1.0022529050471474,0.5032196854182338
EXP_XGBOOST_GBDT_GPU,XGBOOST_GBDT_GPU,2026-09-29T00:29:58.340858,"{""type"": ""gpu_gradient_boosting"", ""lr"": 0.03, ""device"": ""cuda""}",0.005870195666632585,0.060654687293203904,1.05580989331701,0.2918989583877644,0.614952692732928,1.0013660595739753,0.5171108897337372
EXP_BASELINE_ZERO,BASELINE_ZERO,2026-09-29T00:31:55.659102,"{""type"": ""heuristic_baseline""}",0.0,0.0,,,0.6146347811075089,0.999794492713504,0.5
EXP_BASELINE_HIST_MEAN,BASELINE_HIST_MEAN,2026-09-29T00:31:56.179203,"{""type"": ""heuristic_baseline""}",0.0,0.0,,,0.6146347811075089,0.999794492713504,0.5277234499630661
EXP_BASELINE_MOMENTUM,BASELINE_MOMENTUM,2026-09-29T00:31:56.897730,"{""type"": ""heuristic_baseline""}",-0.023352147054305255,-0.1886454286593416,-3.283731469171756,0.001144798740285646,0.6179734226125383,1.003511721419556,0.48965254560074484
EXP_OLS_LINEAR,OLS_LINEAR,2026-09-29T00:32:01.010688,"{""type"": ""linear"", ""model"": ""ols""}",0.0014907703390598357,0.014901186656139466,0.25938342019042954,0.7955161443106331,0.61478074014609,0.9995075837076518,0.5106010395700761
EXP_RIDGE_REGRESSION,RIDGE_REGRESSION,2026-09-29T00:32:03.580683,"{""type"": ""linear"", ""alpha"": 100.0}",0.0014921821608660877,0.014914712080550077,0.2596188558579975,0.7953346833770578,0.6147806060237729,0.9995074462237439,0.5105969734550457
EXP_RANDOM_FOREST_GPU,RANDOM_FOREST_GPU,2026-09-29T00:32:11.049934,"{""type"": ""gpu_ensemble_tree"", ""n_trees"": 50, ""device"": ""cuda""}",0.00047902100541155927,0.0048316206071479136,0.084103521967925,0.9330298470033929,0.615291111874011,1.0022529050471474,0.5032196854182338
EXP_XGBOOST_GBDT_GPU,XGBOOST_GBDT_GPU,2026-09-29T00:32:15.584467,"{""type"": ""gpu_gradient_boosting"", ""lr"": 0.03, ""device"": ""cuda""}",0.005870195666632585,0.060654687293203904,1.05580989331701,0.2918989583877644,0.614952692732928,1.0013660595739753,0.5171108897337372
EXP_ROBUSTNESS_H=1_ZSCORE,Robustness_H=1_ZSCORE,2026-09-29T00:32:30.573525,"{""target"": ""zscore_fwd_ret_1d""}",0.0156807337346957,0.16027791531830055,2.7899411576698077,0.005606975783132627,0.6105092718212859,0.9995588546635447,0.5085937341167381
EXP_ROBUSTNESS_H=5_PRIMARY_ZSCORE,Robustness_H=5_PRIMARY_ZSCORE,2026-09-29T00:32:33.670561,"{""target"": ""zscore_fwd_ret_5d""}",0.0014921821608660877,0.014914712080550077,0.2596188558579975,0.7953346833770578,0.6147806060237729,0.9995074462237439,0.5105969734550457
EXP_ROBUSTNESS_H=21_ZSCORE,Robustness_H=21_ZSCORE,2026-09-29T00:32:36.618302,"{""target"": ""zscore_fwd_ret_21d""}",0.0002878074143764897,0.0034186758741499693,0.057916049028652536,0.9538559427157762,0.6243471203409671,0.9996229651762871,0.5128304559666307
EXP_ROBUSTNESS_H=5_RAW_RETURN,Robustness_H=5_RAW_RETURN,2026-09-29T00:32:39.367354,"{""target"": ""fwd_ret_5d""}",-0.0065896249125212926,-0.06406350719405608,-1.1151468633575106,0.26567408844478396,0.04633944816857424,0.08213088755339674,0.5004873733443641
EXP_ROBUSTNESS_H=5_EXCESS_RETURN,Robustness_H=5_EXCESS_RETURN,2026-09-29T00:32:42.017230,"{""target"": ""excess_fwd_ret_5d""}",-0.009387029938340929,-0.09705820744873114,-1.689482218641248,0.09215908272361097,0.04411864634401835,0.07998043199239166,0.5074660648816421
EXP_ABLATION_NO_G1_MOMENTUM,Ablation_LeaveOut_G1_MOMENTUM,2026-09-29T00:32:46.046895,"{""omitted"": ""G1_MOMENTUM""}",0.0017512110964883931,0.019011808671395077,0.3309365967580356,0.7409218733607188,0.615076917710212,1.0022273409854427,0.5125825929615548
EXP_ABLATION_NO_G2_VOLATILITY,Ablation_LeaveOut_G2_VOLATILITY,2026-09-29T00:32:49.561427,"{""omitted"": ""G2_VOLATILITY""}",0.004994191921636518,0.05847176771417543,1.017812051078226,0.30958196970129287,0.6147687023450048,0.9997203081048986,0.5159723775252268
EXP_ABLATION_NO_G3_TREND,Ablation_LeaveOut_G3_TREND,2026-09-29T00:32:53.067487,"{""omitted"": ""G3_TREND""}",0.0038903256214528475,0.04105700482352473,0.714675055018927,0.47536191949055095,0.6149193138734796,1.0006151761522426,0.5135923448607694
EXP_ABLATION_NO_G4_VOLUME,Ablation_LeaveOut_G4_VOLUME,2026-09-29T00:32:56.338933,"{""omitted"": ""G4_VOLUME""}",0.004560539799404432,0.04980829655064328,0.8670078921177574,0.38662602561442533,0.6146627853131861,0.99976906960671,0.5155901627123698
EXP_ABLATION_NO_G5_BAR_GEOMETRY,Ablation_LeaveOut_G5_BAR_GEOMETRY,2026-09-29T00:32:59.683092,"{""omitted"": ""G5_BAR_GEOMETRY""}",0.0020716044859874884,0.021243288108106467,0.3697797274129061,0.7118057902914983,0.6150625869812768,1.0027577638545997,0.5224049715033104
