horizon,target_type,val_sample_size,val_up_base_rate,dir_accuracy,balanced_accuracy,up_precision,up_recall,f1_score,roc_auc,pr_auc,rank_ic,rank_ic_t,notes
1,Binary_Return_GT_0,747545,0.4995,0.5114,0.5115,0.5085,0.6532,0.5718,0.5169,0.5103,0.0313,4.66,Unconditional binary classification on raw forward return
1,CrossSectional_ZScore_Huber,747545,0.4882,0.5138,0.5088,0.5033,0.3003,0.3761,0.5161,0.5013,0.0379,4.44,Direction predicted from continuous cross-sectional z-score Huber regressor
1,ThreeClass_ActiveMargin,747545,0.4995,0.5089,0.5091,0.5059,0.7243,0.5957,0.5128,0.5068,0.0313,4.66,Three-class model with train-derived threshold tau=0.577%
1,Selective_Decisive_Move,540203,0.5083,0.5103,0.5083,0.5151,0.6249,0.5647,0.5127,0.5161,0.0313,4.66,Evaluation restricted to decisive moves (|R| > 0.577%)
2,Binary_Return_GT_0,747545,0.5069,0.5123,0.5087,0.5126,0.7713,0.6159,0.5148,0.5182,0.0238,3.95,Unconditional binary classification on raw forward return
2,CrossSectional_ZScore_Huber,747545,0.4844,0.5144,0.5071,0.4977,0.2735,0.353,0.5132,0.495,0.0346,3.89,Direction predicted from continuous cross-sectional z-score Huber regressor
2,ThreeClass_ActiveMargin,747545,0.5069,0.5104,0.5066,0.5111,0.7872,0.6198,0.5096,0.5146,0.0238,3.95,Three-class model with train-derived threshold tau=0.839%
2,Selective_Decisive_Move,542262,0.5134,0.5139,0.5074,0.5184,0.7499,0.613,0.513,0.5243,0.0238,3.95,Evaluation restricted to decisive moves (|R| > 0.839%)
3,Binary_Return_GT_0,747545,0.5127,0.515,0.5067,0.5168,0.8348,0.6384,0.5124,0.5229,0.0252,4.13,Unconditional binary classification on raw forward return
3,CrossSectional_ZScore_Huber,747545,0.4819,0.5165,0.5073,0.4969,0.2504,0.333,0.5132,0.4929,0.0331,3.55,Direction predicted from continuous cross-sectional z-score Huber regressor
3,ThreeClass_ActiveMargin,747545,0.5127,0.5122,0.5041,0.5152,0.824,0.634,0.5071,0.5196,0.0252,4.13,Three-class model with train-derived threshold tau=1.037%
3,Selective_Decisive_Move,545961,0.5181,0.5169,0.5057,0.5216,0.8167,0.6366,0.5098,0.5266,0.0252,4.13,Evaluation restricted to decisive moves (|R| > 1.037%)
5,Binary_Return_GT_0,747545,0.5176,0.5197,0.5058,0.5209,0.8993,0.6597,0.5114,0.5278,0.0252,4.21,Unconditional binary classification on raw forward return
5,CrossSectional_ZScore_Huber,747545,0.4767,0.5184,0.5053,0.4888,0.2239,0.3071,0.5113,0.4863,0.0304,3.13,Direction predicted from continuous cross-sectional z-score Huber regressor
5,ThreeClass_ActiveMargin,747545,0.5176,0.5154,0.5027,0.5192,0.8617,0.648,0.5067,0.5256,0.0252,4.21,Three-class model with train-derived threshold tau=1.366%
5,Selective_Decisive_Move,550021,0.5231,0.523,0.5054,0.5261,0.8866,0.6604,0.5103,0.5327,0.0252,4.21,Evaluation restricted to decisive moves (|R| > 1.366%)
10,Binary_Return_GT_0,747545,0.5301,0.5281,0.5038,0.5321,0.9086,0.6712,0.5111,0.5406,0.0165,2.54,Unconditional binary classification on raw forward return
10,CrossSectional_ZScore_Huber,747545,0.4695,0.5215,0.5051,0.4804,0.2362,0.3167,0.5071,0.4769,0.0236,2.28,Direction predicted from continuous cross-sectional z-score Huber regressor
10,ThreeClass_ActiveMargin,747545,0.5301,0.5256,0.5031,0.5318,0.8777,0.6623,0.5051,0.535,0.0165,2.54,Three-class model with train-derived threshold tau=2.004%
10,Selective_Decisive_Move,550181,0.5359,0.5323,0.504,0.5381,0.8988,0.6732,0.5097,0.5438,0.0165,2.54,Evaluation restricted to decisive moves (|R| > 2.004%)
21,Binary_Return_GT_0,747545,0.5359,0.5282,0.5018,0.5369,0.8693,0.6638,0.4962,0.5358,0.0164,2.85,Unconditional binary classification on raw forward return
21,CrossSectional_ZScore_Huber,747545,0.4635,0.5254,0.5096,0.4803,0.2924,0.3635,0.5103,0.4777,0.0247,2.44,Direction predicted from continuous cross-sectional z-score Huber regressor
21,ThreeClass_ActiveMargin,747545,0.5359,0.5207,0.4968,0.534,0.8294,0.6497,0.4852,0.5225,0.0164,2.85,Three-class model with train-derived threshold tau=3.075%
21,Selective_Decisive_Move,544022,0.5416,0.5309,0.5017,0.5426,0.8531,0.6633,0.4907,0.5336,0.0164,2.85,Evaluation restricted to decisive moves (|R| > 3.075%)
