target_coverage,actual_coverage,sample_size,confidence_cutoff,dir_accuracy,balanced_accuracy,up_precision,up_recall,f1_score,ece,rank_ic,avg_forward_return,avg_fwd_ret_up_calls,avg_fwd_ret_down_calls,up_down_spread,crosses_60pct_directional_acc,crosses_60pct_up_precision
1.0,1.0,747545,0.0,0.5272,0.5081,0.5223,0.0965,0.1629,0.00642,0.0569,0.00291,0.00204,0.003,-0.00096,False,False
0.5,0.5,373773,0.0152,0.551,0.5123,0.577,0.0639,0.1151,0.01754,0.042,0.00411,0.0052,0.00405,0.00115,False,False
0.3,0.3,224264,0.02277,0.5449,0.5069,0.5594,0.0415,0.0773,0.00489,0.0379,0.00373,0.0111,0.00348,0.00762,False,False
0.2,0.2,149509,0.03087,0.5471,0.5014,0.4882,0.021,0.0403,0.01147,0.0336,0.00212,0.02455,0.00168,0.02287,False,False
0.15,0.15,112132,0.03767,0.5507,0.5007,0.4743,0.0139,0.0271,0.01607,0.0384,0.00018,0.03514,-0.00028,0.03542,False,False
0.1,0.1,74755,0.04863,0.5601,0.5016,0.5106,0.0132,0.0257,0.0187,0.0301,-0.00244,0.04302,-0.00296,0.04598,False,False
0.05,0.05,37378,0.07012,0.5727,0.5016,0.4848,0.015,0.0292,0.02676,0.0291,-0.00674,0.04831,-0.00748,0.05579,False,False
0.02,0.02,14951,0.09752,0.588,0.5021,0.4783,0.0179,0.0345,0.03785,0.0664,-0.01647,0.05338,-0.01756,0.07094,False,False
0.01,0.01,7476,0.11925,0.619,0.5014,0.4211,0.017,0.0326,0.02556,0.045,-0.02843,0.05209,-0.02968,0.08177,True,False
