CLAIM,SOURCE_EXPERIMENT,SOURCE_FILE,DATA_PERIOD,METRIC,VALUE,STATISTICAL_EVIDENCE,LIMITATION,CLAIM_STATUS
Short-term 5-day momentum exhibits statistically significant negative cross-sectional association (mean-reversion),EXP_BASELINE_MOMENTUM,results/experiments/experiment_registry.csv,2025-07-08 to 2026-09-25,Mean Daily Rank IC,-0.0234,"Naive t = -3.2837 (p = 0.0011); Newey-West HAC t = -1.9924 (p = 0.0463, lag=5)",High turnover and bid-ask spread friction impede direct monetization,SUPPORTED
OLS and Ridge linear regressions have negligible predictive rank correlation at H=5,EXP_OLS_LINEAR,results/experiments/experiment_registry.csv,2025-07-08 to 2026-09-25,Mean Daily Rank IC,+0.0015,"Naive t = 0.2594, p = 0.7955, 95% CI [-0.0098, +0.0128]",Linear specifications fail to capture non-linear threshold dynamics in bar geometry,SUPPORTED
Standard XGBoost GBDT achieves higher empirical Rank IC than linear models at H=5,EXP_XGBOOST_GBDT_GPU,results/experiments/ablation_summary.json,2025-07-08 to 2026-09-25,Mean Daily Rank IC,+0.0059,"Naive t = 1.0558, p = 0.2919 (4x higher than OLS, but not statistically significant)",The increment (+0.0044) is not statistically distinguishable from zero at alpha=0.05,PARTIALLY_SUPPORTED
Multi-model Stacking Blend M4 achieves Rank IC of 0.0085 with t-stat of 1.51 at H=5,EXP_STACKING_BLEND_M4,results/experiments/advanced_models_summary.json,2025-07-08 to 2026-09-25,Mean Daily Rank IC & t-stat,"IC=0.0085, t=1.31","Actual test t-stat is 1.3126 (p=0.1903); 1.51 was mistakenly copied from rec summary",Exploratory post-hoc feature expansion and model stacking; not statistically significant,EXPLORATORY
Predictive rank association decays monotonically as forecast horizon expands from H=1 to H=21 days,EXP_ROBUSTNESS_H=1_ZSCORE,results/experiments/robustness_summary.json,2025-07-08 to 2026-09-25,Mean Daily Rank IC,"H=1: 0.0157, H=5: 0.0059, H=21: 0.0003","Monotonic decay across 308 trading days; 98.1% signal reduction by Day 21",Ultra-short H=1 incurs daily rebalancing turnover friction,SUPPORTED
H=1 Champion Ensemble achieves statistically significant Rank IC on locked test data,EXP_CHAMPION_H=1_ENSEMBLE,results/experiments/champion_h1_final_metrics.json,2025-07-08 to 2026-09-25,Rank IC & Long-Short t-stat,"IC=0.0221, Test LS t=1.36, Val IC t=2.93","Test Long-Short spread is not statistically significant (p=0.1756); Val IC was significant (p=0.0034)",Post-hoc horizon switch; conflated validation vs test statistics in earlier drafts,EXPLORATORY
Method B (Similarity-Only) generates positive excess return over market benchmarks,EXP_RECOMMENDATION_PRIMARY,results/experiments/recommendation_summary_252.json,2025-07-08 to 2026-09-25,5-Day Mean Excess Return,"L=252: -0.034%, L=504: +0.094%","t = -0.3052, p = 0.7602 (L=252); t = 0.85, p = 0.3954 (L=504)",Behavioral similarity alone provides zero alpha; indistinguishable from random selection,UNSUPPORTED
Method A (Prediction-Only) produces high arithmetic excess returns,EXP_RECOMMENDATION_PRIMARY,results/experiments/recommendation_summary_252.json,2025-07-08 to 2026-09-25,5-Day Mean Excess Return,+1.663%,"Naive t = 4.8289 (p = 1.55e-6); Newey-West HAC t = 2.081 (p = 0.0374)",Driven entirely by positive right-tail skewness; top 5% of runs account for 102.9% of sum,SUPPORTED
Method A provides consistent outperformance for the median investor,EXP_RECOMMENDATION_PRIMARY,results/experiments/recommendation_results.parquet,2025-07-08 to 2026-09-25,Median Excess Return & Hit Rate,"Median = -0.914%, Hit Rate = 47.54%","Wilcoxon test W = 342,720, p = 0.0159 (median significantly below benchmark)",Method A underperforms the universe benchmark 52.46% of the time,INVALID
Rank Fusion (Method C) dampens excess return dispersion and tracking error volatility,EXP_RECOMMENDATION_PRIMARY,results/experiments/recommendation_summary_252.json,2025-07-08 to 2026-09-25,Tracking Error Volatility,"4.165% vs 12.030% (-65.4% reduction)","F = 8.34 (p < 1e-15); Levene W = 625.75 (p < 1e-100); Brown-Forsythe W = 526.76 (p < 1e-100)",Gross arithmetic excess return is compressed from +1.66% down to +0.16% (HAC t = 1.026),SUPPORTED
Method C generates robust net excess returns after realistic transaction costs,EXP_RECOMMENDATION_PRIMARY,results/experiments/turnover_and_costs_summary.json,2025-07-08 to 2026-09-25,Net Excess Return after 20 bps friction,-0.0086% at 20 bps (-0.092% at 30 bps),Turnover is 83.75%; 20 bps round-trip friction eliminates alpha,Only profitable if round-trip costs remain strictly below 18 bps,PARTIALLY_SUPPORTED
The machine learning models achieve 80% to 90% classification accuracy,ALL_EXPERIMENTS,results/model_performance_report.md,2025-07-08 to 2026-09-25,Classification Accuracy,"N/A (DirAcc = 50.3% - 51.7%, R2 ~= 0.00%)",Continuous regression/ranking problem; classification accuracy is inapplicable,Claiming 80%-90% accuracy is fabricated or conflated with AUC,INVALID
Bar geometry and momentum features provide real causal signal explaining returns,EXP_XGBOOST_GBDT_GPU,results/experiments/ablation_summary.json,2025-07-08 to 2026-09-25,Feature Group Ablation,"Ablation drops IC by 70.2% (G1) and 64.7% (G5)","Observational association within fitted GBDT; no causal econometric identification",Conflates temporal causality with economic structural causality,INVALID
Method C2 (Volatility-Penalized Fusion) achieves statistically significant outperformance,EXP_RECOMMENDATION_VOL_ADJ,results/experiments/advanced_models_summary.json,2025-07-08 to 2026-09-25,5-Day Mean Excess Return & t-stat,"+0.588%, t = 2.2403, p = 0.0248","t = 2.2403 exceeds critical threshold 1.96 on 1,220 runs",Exploratory post-hoc formulation created to resolve Method A skewness,EXPLORATORY
Level 2 Market-Aware LightGBM Huber Regressor achieves Rank IC of 0.0160 with +91.1% lift over baseline,EXP_PHASE6_LEVEL2_MARKET_AWARE,results/model_enhancement/paired_significance_test.csv,2025-07-08 to 2026-09-25,Test Mean Rank IC & HAC t-stat,"IC = 0.0160, HAC t = 1.3027, p = 0.1927","Paired HAC t = 1.3027 (p = 0.1927), 95% bootstrap CI [-0.00032, +0.01559]",Lift is economically meaningful but not statistically significant at alpha = 0.05,SUPPORTED
Platt logistic scaling enables well-calibrated selective UP-call precision exceeding 65%,EXP_PHASE6_CALIBRATION_SELECTIVE,results/model_enhancement/detailed_selective_coverage_11tiers.csv,2025-07-08 to 2026-09-25,UP-Call Precision & ECE,"UP Precision = 65.68% at 10% coverage, ECE = 0.61%","Platt scaling formula P(Y>0|z) = 1/(1+exp(-(0.5218*z + 0.0954)))",Represents precision on selective upward calls; directional accuracy remains 56.89%,SUPPORTED
Method C (Hybrid Rank Fusion) provides 88.0% variance reduction across 6100 out-of-time portfolios,EXP_PHASE6_RECOMMENDATION_METHOD_C,results/model_enhancement/detailed_top5_recommendation_comparison.csv,2025-07-08 to 2026-09-25,Excess Volatility Reduction,"88.0% reduction (volatility 0.03755 vs 0.10856)","Empirical measurement across 6,100 out-of-time recommendations (1,220 windows x 5 assets)",Gross excess is +0.113% decaying to -0.014% net after 15 bps round-trip friction,SUPPORTED
Unconditional directional accuracy on daily OHLCV is strictly bounded near 51.6% due to low SNR,EXP_ACCURACY_OPT_UNCONDITIONAL,results/accuracy_optimization/08_final_test_metrics.json,2025-07-08 to 2026-09-25,Unconditional Directional Accuracy,"51.60% (95% CI: [50.96%, 52.21%])","Balanced accuracy = 50.17%, ROC-AUC = 0.4999, Brier = 0.24979 across 737,805 samples",Unconditional >=60% accuracy on daily equities is unattainable on historical OHLCV data,SUPPORTED
Selective prediction yields up to 56.72% directional accuracy and 66.67% UP-call precision,EXP_ACCURACY_OPT_SELECTIVE,results/accuracy_optimization/05_selective_accuracy.csv,2025-07-08 to 2026-09-25,Selective Accuracy & Return Spread,"DirAcc = 56.72% (0.62% cov), UP Prec = 66.67% (6.76% cov)","Validation-frozen cutoffs; UP/Down spread reaches +12.08% at 6.76% coverage",Selective directional accuracy falls short of 60%; 66.67% is precision under coverage trade-off,SUPPORTED
