experiment_id,model,horizon,features,train_period,validation_period,test_period,hyperparameter_source,feature_selection_source,ensemble_selection_source,test_used_for_tuning,status,evidence
EXP_BASELINE_ZERO,BASELINE_ZERO,H=5,None,2019-09-26 to 2024-03-28,2024-04-08 to 2025-06-27,2025-07-08 to 2026-09-25,Fixed Zero Prior (0.0),None,None,False,CONFIRMATORY_BASELINE,results/experiments/experiment_registry.csv:L2
EXP_BASELINE_HIST_MEAN,BASELINE_HIST_MEAN,H=5,None,2019-09-26 to 2024-03-28,2024-04-08 to 2025-06-27,2025-07-08 to 2026-09-25,Historical Train Mean,None,None,False,CONFIRMATORY_BASELINE,results/experiments/experiment_registry.csv:L3
EXP_BASELINE_MOMENTUM,BASELINE_MOMENTUM,H=5,ret_5d,2019-09-26 to 2024-03-28,2024-04-08 to 2025-06-27,2025-07-08 to 2026-09-25,Heuristic Trailing 5-Day Return,Pre-specified (ret_5d),None,False,CONFIRMATORY_BASELINE,results/experiments/experiment_registry.csv:L4
EXP_OLS_LINEAR,OLS_LINEAR,H=5,30 Core OHLCV,2019-09-26 to 2024-03-28,2024-04-08 to 2025-06-27,2025-07-08 to 2026-09-25,Closed-form OLS,Pre-specified 30 Causal OHLCV,None,False,CONFIRMATORY_PRIMARY,results/experiments/experiment_registry.csv:L5
EXP_RIDGE_REGRESSION,RIDGE_REGRESSION,H=5,30 Core OHLCV,2019-09-26 to 2024-03-28,2024-04-08 to 2025-06-27,2025-07-08 to 2026-09-25,Validation Grid (alpha=100.0),Pre-specified 30 Causal OHLCV,None,False,CONFIRMATORY_PRIMARY,results/experiments/experiment_registry.csv:L6
EXP_RANDOM_FOREST_GPU,RANDOM_FOREST_GPU,H=5,30 Core OHLCV,2019-09-26 to 2024-03-28,2024-04-08 to 2025-06-27,2025-07-08 to 2026-09-25,Validation Tuning (n_trees=50 max_depth=8),Pre-specified 30 Causal OHLCV,None,False,CONFIRMATORY_PRIMARY,results/experiments/experiment_registry.csv:L20
EXP_XGBOOST_GBDT_GPU,XGBOOST_GBDT_GPU,H=5,30 Core OHLCV,2019-09-26 to 2024-03-28,2024-04-08 to 2025-06-27,2025-07-08 to 2026-09-25,Validation Tuning (eta=0.03 depth=6 trees=500),Pre-specified 30 Causal OHLCV,None,False,CONFIRMATORY_PRIMARY,results/experiments/ablation_summary.json
EXP_ROBUSTNESS_H=1_ZSCORE,ROBUSTNESS_H=1,H=1,30 Core OHLCV,2019-09-26 to 2024-03-28,2024-04-08 to 2025-06-27,2025-07-08 to 2026-09-25,Standard LightGBM Specification,Pre-specified 30 Causal OHLCV,None,False,CONFIRMATORY_ROBUSTNESS,results/experiments/robustness_summary.json
EXP_ROBUSTNESS_H=21_ZSCORE,ROBUSTNESS_H=21,H=21,30 Core OHLCV,2019-09-26 to 2024-03-28,2024-04-08 to 2025-06-27,2025-07-08 to 2026-09-25,Standard LightGBM Specification,Pre-specified 30 Causal OHLCV,None,False,CONFIRMATORY_ROBUSTNESS,results/experiments/robustness_summary.json
EXP_ROBUSTNESS_RAW_RETURN,ROBUSTNESS_RAW,H=5,30 Core OHLCV,2019-09-26 to 2024-03-28,2024-04-08 to 2025-06-27,2025-07-08 to 2026-09-25,Standard LightGBM Specification,Pre-specified 30 Causal OHLCV,None,False,CONFIRMATORY_ROBUSTNESS,results/experiments/robustness_summary.json
EXP_ROBUSTNESS_EXCESS_RETURN,ROBUSTNESS_EXCESS,H=5,30 Core OHLCV,2019-09-26 to 2024-03-28,2024-04-08 to 2025-06-27,2025-07-08 to 2026-09-25,Standard LightGBM Specification,Pre-specified 30 Causal OHLCV,None,False,CONFIRMATORY_ROBUSTNESS,results/experiments/robustness_summary.json
EXP_ADVANCED_XGB_M1,ADVANCED_XGB_M1,H=5,35 Features (30 Core + 5 Interactions),2019-09-26 to 2024-03-28,2024-04-08 to 2025-06-27,2025-07-08 to 2026-09-25,Validation Early Stopping,Post-hoc Feature Expansion (5 Interaction Terms),None,False,EXPLORATORY_FEATURE_EXPANSION,scripts/advanced_model_exploration.py:L58-70
EXP_ADVANCED_LGBM_M2,ADVANCED_LGBM_M2,H=5,35 Features (30 Core + 5 Interactions),2019-09-26 to 2024-03-28,2024-04-08 to 2025-06-27,2025-07-08 to 2026-09-25,Validation Huber Loss Tuning,Post-hoc Feature Expansion (5 Interaction Terms),None,False,EXPLORATORY_MODEL,scripts/advanced_model_exploration.py:L125-138
EXP_STACKING_BLEND_M4,STACKING_BLEND_M4,H=5,35 Features (30 Core + 5 Interactions),2019-09-26 to 2024-03-28,2024-04-08 to 2025-06-27,2025-07-08 to 2026-09-25,Validation Ensemble Weights (0.45 0.45 0.10),Post-hoc Feature Expansion,Validation Stacking Performance,False,EXPLORATORY_ENSEMBLE,results/experiments/advanced_models_summary.json
EXP_CHAMPION_H=1_ENSEMBLE,CHAMPION_H=1_ENSEMBLE,H=1,35 Features,2019-09-26 to 2024-03-28,2024-04-08 to 2025-06-27,2025-07-08 to 2026-09-25,Iterative Validation Search (6 rounds),Validation Feature Selection,Post-hoc Horizon Elevation (Selected because H=1 had higher IC),False,EXPLORATORY_POST_HOC_HORIZON,results/experiments/champion_h1_final_metrics.json
EXP_RECOMMENDATION_PRIMARY,RECOMMENDATION_A_B_C,H=5,30 Core GBDT + Return Correlation,2019-09-26 to 2024-03-28,2024-04-08 to 2025-06-27,2025-07-08 to 2026-09-25,Predefined 50/50 Rank Fusion (alpha=0.5),Pre-specified,None,False,CONFIRMATORY_PRIMARY_RECOMMENDATION,results/experiments/recommendation_summary_252.json
EXP_RECOMMENDATION_VOL_ADJ,RECOMMENDATION_A2_C2,H=5,35 Features + Volatility Scaling,2019-09-26 to 2024-03-28,2024-04-08 to 2025-06-27,2025-07-08 to 2026-09-25,Post-hoc Volatility Adjustment (pred / (vol+0.01)),Post-hoc Formulation to Mitigate Method A Skewness,Post-hoc Heuristic,False,EXPLORATORY_RECOMMENDATION,scripts/advanced_model_exploration.py:L217
EXP_PHASE6_LEVEL1_BASELINE,LEVEL1_BASELINE_LGBM,H=5,30 Core OHLCV,2019-09-26 to 2024-03-28,2024-04-08 to 2025-06-27,2025-07-08 to 2026-09-25,Validation early stopping (Huber delta=1.0),Pre-specified 30 Causal OHLCV,None,False,CONFIRMATORY_BASELINE,results/model_enhancement/feature_ablation.csv
EXP_PHASE6_LEVEL2_MARKET_AWARE,LEVEL2_MARKET_AWARE_LGBM,H=5,49 Features (30 Core + 19 Market/Macro),2019-09-26 to 2024-03-28,2024-04-08 to 2025-06-27,2025-07-08 to 2026-09-25,Validation early stopping (Huber delta=1.0),Pre-registered 4-tier ablation (Market Context + Relative Ranks),None,False,CONFIRMATORY_PRIMARY,results/model_enhancement/feature_ablation.csv
EXP_PHASE6_LEVEL3_RELATIVE,LEVEL3_RELATIVE_LGBM,H=5,39 Features (30 Core + 9 Relative),2019-09-26 to 2024-03-28,2024-04-08 to 2025-06-27,2025-07-08 to 2026-09-25,Validation early stopping,Ablation Tier 3,None,False,CONFIRMATORY_ABLATION,results/model_enhancement/feature_ablation.csv
EXP_PHASE6_LEVEL4_FULL,LEVEL4_FULL_LGBM,H=5,58 Features (30 Core + 28 All Macro/Relative),2019-09-26 to 2024-03-28,2024-04-08 to 2025-06-27,2025-07-08 to 2026-09-25,Validation early stopping,Ablation Tier 4,None,False,CONFIRMATORY_ABLATION,results/model_enhancement/feature_ablation.csv
EXP_PHASE6_RECOMMENDATION_EXPANDED,RECOMMENDATION_METHOD_C_6100,H=5,49 Features Level 2 + 252d Return Correlation,2019-09-26 to 2024-03-28,2024-04-08 to 2025-06-27,2025-07-08 to 2026-09-25,Fixed 50/50 Rank Fusion (alpha=0.5),Pre-specified across 6100 portfolios,None,False,CONFIRMATORY_PRIMARY_RECOMMENDATION,results/model_enhancement/detailed_top5_recommendation_comparison.csv
EXP_ACCURACY_OPT_HP09_XGB,ACCURACY_OPT_XGB_DEEP,H=5,49 Features,2019-09-26 to 2024-03-28,2024-04-08 to 2025-06-27,2025-07-08 to 2026-09-25,Validation 3-Window Tuning (max_depth=7 n_est=120 lambda=10),Parsimonious 49 Features chosen over 77,None,False,EXPLORATORY_ACCURACY_OPT,results/accuracy_optimization/08_final_test_metrics.json
EXP_ACCURACY_OPT_SELECTIVE,ACCURACY_OPT_SELECTIVE_9TIERS,H=5,49 Features + Platt Scaling,2019-09-26 to 2024-03-28,2024-04-08 to 2025-06-27,2025-07-08 to 2026-09-25,Validation Frozen Confidence Cutoffs,Confidence |P(UP)-0.5|,None,False,EXPLORATORY_ACCURACY_OPT,results/accuracy_optimization/05_selective_accuracy.csv
