experiment,horizon,model,purpose,selection_timing,test_used_for_selection,status,primary_paper_result,reason
EXP_BASELINE_ZERO,H=5,Zero Return Benchmark,Uninformative zero-prediction baseline,Pre-specified,False,PRIMARY_CONFIRMATORY,YES,Pre-specified confirmatory baseline
EXP_BASELINE_HIST_MEAN,H=5,Historical Training Mean,Constant historical unconditional expectation,Pre-specified,False,PRIMARY_CONFIRMATORY,YES,Pre-specified confirmatory baseline
EXP_BASELINE_MOMENTUM,H=5,Trailing 5-Day Momentum,Standard cross-sectional momentum/reversal baseline,Pre-specified,False,PRIMARY_CONFIRMATORY,YES,Pre-specified confirmatory baseline showing significant negative reversal
EXP_OLS_LINEAR,H=5,OLS Linear Regression,Unpenalized linear cross-sectional benchmark,Pre-specified,False,PRIMARY_CONFIRMATORY,YES,Pre-specified primary linear model using 30 causal features
EXP_RIDGE_REGRESSION,H=5,L2 Regularized Ridge Regression,Penalized linear model to mitigate collinearity,Pre-specified (val tuned),False,PRIMARY_CONFIRMATORY,YES,Pre-specified primary linear regularized model
EXP_RANDOM_FOREST_GPU,H=5,Random Forest GPU (cuML),Non-linear bagging ensemble benchmark,Pre-specified (val tuned),False,PRIMARY_CONFIRMATORY,YES,Pre-specified primary non-linear bagging model
EXP_XGBOOST_GBDT_GPU,H=5,XGBoost GPU GBDT (MSE),Primary gradient-boosted decision tree architecture,Pre-specified (val tuned),False,PRIMARY_CONFIRMATORY,YES,Pre-specified primary non-linear boosting model
EXP_RECOMMENDATION_PRIMARY,H=5,Recommendation Methods A B C (L=252 504),Direct test of core research thesis (prediction vs similarity vs fusion),Pre-specified (fixed 50/50 fusion),False,PRIMARY_CONFIRMATORY,YES,Pre-specified recommendation protocol answering central thesis question
EXP_ROBUSTNESS_H=1_ZSCORE,H=1,Standard LightGBM Regressor,Horizon sensitivity and microstructural persistence evaluation,Pre-specified robustness grid,False,CONFIRMATORY_ROBUSTNESS,NO,Confirmatory robustness test showing short-term persistence at 1 day
EXP_ROBUSTNESS_H=21_ZSCORE,H=21,Standard LightGBM Regressor,Longer-horizon signal decay evaluation,Pre-specified robustness grid,False,CONFIRMATORY_ROBUSTNESS,NO,Confirmatory robustness test showing complete signal dissipation at 21 days
EXP_ROBUSTNESS_RAW_RETURN,H=5,Standard LightGBM Regressor,Target definition sensitivity (raw percentage return vs z-score),Pre-specified robustness grid,False,CONFIRMATORY_ROBUSTNESS,NO,Confirmatory robustness proving raw returns fail due to unstandardized market beta
EXP_ROBUSTNESS_EXCESS_RETURN,H=5,Standard LightGBM Regressor,Target definition sensitivity (market-excess return),Pre-specified robustness grid,False,CONFIRMATORY_ROBUSTNESS,NO,Confirmatory robustness evaluating market-demeaned return targets
EXP_ADVANCED_XGB_M1,H=5,XGBoost Expanded (35 features),Exploration of non-linear interaction features,Post-hoc feature expansion,False,EXPLORATORY_POST_HOC,NO,Post-hoc addition after observing modest baseline test performance
EXP_ADVANCED_LGBM_M2,H=5,LightGBM Huber Loss Regressor,Exploration of robust Huber loss objective,Post-hoc model exploration,False,EXPLORATORY_POST_HOC,NO,Post-hoc addition exploring loss functions
EXP_STACKING_BLEND_M4,H=5,Stacking Blend M4 (0.45 M1 + 0.45 M2 + 0.10 M3),Multi-model ensemble optimization,Post-hoc ensemble construction,False,EXPLORATORY_POST_HOC,NO,Post-hoc ensemble; cannot be presented as pre-specified primary discovery
EXP_CHAMPION_H=1_ENSEMBLE,H=1,Champion Dual Huber Ensemble (LightGBM + XGBoost),Iterative accuracy optimization across validation rounds,Post-hoc horizon elevation to H=1,False,EXPLORATORY_POST_HOC,NO,Post-hoc horizon elevation; validation and test statistics must be segregated
EXP_RECOMMENDATION_VOL_ADJ,H=5,Methods A2 and C2 (Volatility-Penalized Scores),Post-hoc formulation to mitigate Method A tail skewness,Post-hoc heuristic addition,False,EXPLORATORY_POST_HOC,NO,Post-hoc adaptation inspired by test set distribution inspection
EXP_PHASE6_LEVEL1_BASELINE,H=5,LightGBM Huber Baseline (30 features),Baseline single-stock architecture in Phase 6 ablation,Pre-specified,False,PRIMARY_CONFIRMATORY,YES,Confirmatory single-stock baseline reproducing Phase 4/5 baseline
EXP_PHASE6_LEVEL2_MARKET_AWARE,H=5,Level 2 Market-Aware LightGBM Huber (49 features),Primary confirmatory model testing RQ1 (macro/market context enhancement),Pre-specified,False,PRIMARY_CONFIRMATORY,YES,Primary confirmatory research model featured in all manuscript tables
EXP_PHASE6_LEVEL3_RELATIVE,H=5,Level 3 Relative-Only LightGBM Huber (39 features),Confirmatory feature ablation isolating relative stock features,Pre-specified,False,CONFIRMATORY_ABLATION,YES,Ablation tier isolating relative spreads and ranks
EXP_PHASE6_LEVEL4_FULL,H=5,Level 4 Full LightGBM Huber (58 features),Confirmatory feature ablation evaluating combined market features,Pre-specified,False,CONFIRMATORY_ABLATION,YES,Ablation tier evaluating full feature combinations
EXP_PHASE6_RECOMMENDATION_METHOD_C,H=5,Phase 6 Method C (50/50 Hybrid Rank Fusion across 6100 portfolios),Scale confirmatory recommendation test to 6100 portfolios (1220 windows x 5 assets),Pre-specified,False,PRIMARY_CONFIRMATORY,YES,Primary recommendation evaluation across the full out-of-time test set
EXP_ACCURACY_OPT_XGB_CHAMPION,H=5,Champion XGBoost Huber Deep Regressor (HP_09),Rigorous exploration of maximum achievable directional accuracy on validation,Exploratory optimization,False,EXPLORATORY_ACCURACY_OPT,NO,Dedicated accuracy optimization initiative testing the 60% accuracy boundary
EXP_ACCURACY_OPT_SELECTIVE,H=5,Selective Prediction Confidence Filtering (9 tiers),Exploration of selective coverage trade-offs using validation-frozen cutoffs,Exploratory optimization,False,EXPLORATORY_ACCURACY_OPT,NO,Selective prediction sweep testing confidence thresholds
