feature,window,uses_future_data,status,max_abs_perturbation_delta,verification_method
ret_1d,1d,False,PASS,0.0,Strict Future Data Perturbation Invariance at t+1
ret_5d,5d,False,PASS,0.0,Strict Future Data Perturbation Invariance at t+1
ret_10d,10d,False,PASS,0.0,Strict Future Data Perturbation Invariance at t+1
ret_21d,21d,False,PASS,0.0,Strict Future Data Perturbation Invariance at t+1
ret_63d,63d,False,PASS,0.0,Strict Future Data Perturbation Invariance at t+1
vol_5d,5d,False,PASS,0.0,Strict Future Data Perturbation Invariance at t+1
vol_21d,21d,False,PASS,0.0,Strict Future Data Perturbation Invariance at t+1
vol_63d,63d,False,PASS,0.0,Strict Future Data Perturbation Invariance at t+1
parkinson_vol_21d,21d,False,PASS,0.0,Strict Future Data Perturbation Invariance at t+1
natr_14d,14d,False,PASS,0.0,Strict Future Data Perturbation Invariance at t+1
ret_skew_21d,21d,False,PASS,0.0,Strict Future Data Perturbation Invariance at t+1
dist_sma_20,20d,False,PASS,0.0,Strict Future Data Perturbation Invariance at t+1
dist_sma_50,50d,False,PASS,0.0,Strict Future Data Perturbation Invariance at t+1
dist_sma_200,200d,False,PASS,0.0,Strict Future Data Perturbation Invariance at t+1
rsi_14d,14d,False,PASS,0.0,Strict Future Data Perturbation Invariance at t+1
macd_diff,26d,False,PASS,0.0,Strict Future Data Perturbation Invariance at t+1
bollinger_pct_b,20d,False,PASS,0.0,Strict Future Data Perturbation Invariance at t+1
vol_ratio_5d,5d,False,PASS,0.0,Strict Future Data Perturbation Invariance at t+1
vol_ratio_21d,21d,False,PASS,0.0,Strict Future Data Perturbation Invariance at t+1
log_turnover,1d,False,PASS,0.0,Strict Future Data Perturbation Invariance at t+1
turnover_vol_21d,21d,False,PASS,0.0,Strict Future Data Perturbation Invariance at t+1
amihud_illiq_21d,21d,False,PASS,0.0,Strict Future Data Perturbation Invariance at t+1
obv_slope_10d,10d,False,PASS,0.0,Strict Future Data Perturbation Invariance at t+1
hl_spread,1d,False,PASS,0.0,Strict Future Data Perturbation Invariance at t+1
oc_return,1d,False,PASS,0.0,Strict Future Data Perturbation Invariance at t+1
overnight_gap,1d,False,PASS,0.0,Strict Future Data Perturbation Invariance at t+1
upper_shadow,1d,False,PASS,0.0,Strict Future Data Perturbation Invariance at t+1
lower_shadow,1d,False,PASS,0.0,Strict Future Data Perturbation Invariance at t+1
bar_pressure,1d,False,PASS,0.0,Strict Future Data Perturbation Invariance at t+1
roll_spread_21d,21d,False,PASS,0.0,Strict Future Data Perturbation Invariance at t+1
