strategy_or_model,category,horizon,lookback,n_evaluations,mean_metric,excess_metric,std_dev,t_statistic,p_value,sharpe_or_ir,hit_rate,turnover,source_file
BASELINE_ZERO,FORECASTING,H=5,NA,737805,0.0000,0.0000,0.0000,0.0000,1.0000,0.0000,0.5000,NA,results/experiments/experiment_registry.csv
BASELINE_HIST_MEAN,FORECASTING,H=5,NA,737805,0.0000,0.0000,0.0000,0.0000,1.0000,0.0000,0.5277,NA,results/experiments/experiment_registry.csv
BASELINE_MOMENTUM,FORECASTING,H=5,NA,737805,-0.0234,-0.0234,0.1238,-3.2837,0.0011,-0.1886,0.4897,NA,results/experiments/experiment_registry.csv
OLS_LINEAR,FORECASTING,H=5,NA,737805,0.0015,0.0015,0.1008,0.2594,0.7955,0.0149,0.5106,NA,results/experiments/experiment_registry.csv
RIDGE_REGRESSION,FORECASTING,H=5,NA,737805,0.0015,0.0015,0.1008,0.2596,0.7953,0.0149,0.5106,NA,results/experiments/experiment_registry.csv
RANDOM_FOREST_GPU,FORECASTING,H=5,NA,737805,0.0005,0.0005,0.0984,0.0841,0.9330,0.0048,0.5032,NA,results/experiments/experiment_registry.csv
XGBOOST_GBDT_GPU,FORECASTING,H=5,NA,737805,0.0059,0.0059,0.0968,1.0558,0.2919,0.0607,0.5171,NA,results/experiments/ablation_summary.json
LIGHTGBM_HUBER_M2,FORECASTING,H=5,NA,737805,0.0085,0.0085,0.1491,1.4800,0.1389,0.0570,0.5149,NA,results/tables/table_10_advanced_accuracy_models.md
STACKING_BLEND_M4,FORECASTING,H=5,NA,737805,0.0085,0.0085,0.1127,1.3126,0.1903,0.0754,0.5142,NA,results/experiments/advanced_models_summary.json
ROBUSTNESS_H=1,FORECASTING,H=1,NA,737805,0.0157,0.0157,0.0978,2.7899,0.0056,0.1603,0.5086,NA,results/experiments/robustness_summary.json
ROBUSTNESS_H=21,FORECASTING,H=21,NA,698845,0.0003,0.0003,0.0842,0.0579,0.9539,0.0034,0.5128,NA,results/experiments/robustness_summary.json
CHAMPION_H=1_ENSEMBLE,FORECASTING,H=1,NA,757285,0.0221,0.0221,NOT_RECORDED,1.3577,0.1756,0.1670,0.5082,NA,results/experiments/champion_h1_final_metrics.json
Universe_Benchmark,RECOMMENDATION,H=5,NA,1220,0.0042,0.0000,NA,NA,NA,NA,NA,NA,results/experiments/recommendation_summary_252.json
Random_Top5_MonteCarlo,RECOMMENDATION,H=5,NA,122000,0.0043,0.0001,0.0343,1.1652,0.2440,0.0033,0.4727,0.9980,results/experiments/random_baseline_summary.json
Method_A_Prediction_Only,RECOMMENDATION,H=5,NA,1220,0.0209,0.0166,0.1203,4.8289,0.0000,0.1383,0.4492,0.7267,results/experiments/recommendation_summary_252.json
Method_B_Similarity_L252,RECOMMENDATION,H=5,252,1220,0.0039,-0.0003,0.0391,-0.3052,0.7602,-0.0087,0.4836,0.0900,results/experiments/recommendation_summary_252.json
Method_B_Similarity_L504,RECOMMENDATION,H=5,504,1220,0.0052,0.0009,0.0385,0.8498,0.3954,0.0243,0.4870,0.0900,results/experiments/recommendation_summary_504.json
Method_C_Combined_L252,RECOMMENDATION,H=5,252,1220,0.0058,0.0016,0.0417,1.3325,0.1827,0.0381,0.4930,0.8375,results/experiments/recommendation_summary_252.json
Method_C_Combined_L504,RECOMMENDATION,H=5,504,1220,0.0059,0.0017,0.0385,1.5111,0.1308,0.0433,0.5007,0.8375,results/experiments/recommendation_summary_504.json
Method_C2_Vol_Penalized,RECOMMENDATION,H=5,252,1220,0.0101,0.0059,0.0916,2.2403,0.0248,0.0641,0.5090,0.7820,results/experiments/advanced_models_summary.json
Method_A2_Vol_Adjusted,RECOMMENDATION,H=5,NA,1220,0.0502,0.0460,0.3378,4.7500,0.0000,0.1361,0.5082,0.8450,results/experiments/advanced_models_summary.json
