model_name,horizon,target,features_count,test_n,directional_accuracy,always_up_baseline,mae,rmse,r2,mean_rank_ic,median_rank_ic,std_rank_ic,ic_ir,ic_t_stat,ic_p_val,pct_positive_ic_days,statistically_significant_005,source_artifact
BASELINE_ZERO,H=5,zscore_fwd_ret_5d,0,737805,0.5000,0.4723,0.6146,0.9998,0.0000,0.0000,0.0000,0.0000,0.0000,0.0000,1.0000,0.0000,NO,results/experiments/experiment_registry.csv
BASELINE_HIST_MEAN,H=5,zscore_fwd_ret_5d,0,737805,0.5277,0.4723,0.6146,0.9998,0.0000,0.0000,0.0000,0.0000,0.0000,0.0000,1.0000,0.0000,NO,results/experiments/experiment_registry.csv
BASELINE_MOMENTUM,H=5,zscore_fwd_ret_5d,1,737805,0.4897,0.4723,0.6180,1.0035,-0.0074,-0.0234,-0.0210,0.1238,-0.1886,-3.2837,0.0011,0.4250,YES_REVERSAL,results/experiments/experiment_registry.csv
OLS_LINEAR,H=5,zscore_fwd_ret_5d,30,737805,0.5106,0.4723,0.6148,0.9995,0.0006,0.0015,0.0024,0.1008,0.0149,0.2594,0.7955,0.5132,NO,results/experiments/experiment_registry.csv
RIDGE_REGRESSION,H=5,zscore_fwd_ret_5d,30,737805,0.5106,0.4723,0.6148,0.9995,0.0006,0.0015,0.0024,0.1008,0.0149,0.2596,0.7953,0.5132,NO,results/experiments/experiment_registry.csv
RANDOM_FOREST_GPU,H=5,zscore_fwd_ret_5d,30,737805,0.5032,0.4723,0.6153,1.0023,-0.0049,0.0005,0.0018,0.0984,0.0048,0.0841,0.9330,0.5060,NO,results/experiments/experiment_registry.csv
XGBOOST_GBDT_GPU,H=5,zscore_fwd_ret_5d,30,737805,0.5171,0.4723,0.6150,1.0014,-0.0031,0.0059,0.0023,0.0968,0.0607,1.0558,0.2919,0.5083,NO,results/experiments/ablation_summary.json
ADVANCED_XGB_M1,H=5,zscore_fwd_ret_5d,35,737805,0.5083,0.4723,NOT_RECORDED,NOT_RECORDED,NOT_RECORDED,0.0067,NOT_RECORDED,0.0807,0.0830,NOT_RECORDED,NOT_RECORDED,NOT_RECORDED,NO,results/tables/table_10_advanced_accuracy_models.md
ADVANCED_LIGHTGBM_M2,H=5,zscore_fwd_ret_5d,35,737805,0.5149,0.4723,NOT_RECORDED,NOT_RECORDED,NOT_RECORDED,0.0085,NOT_RECORDED,0.1491,0.0570,1.4800,0.1389,NOT_RECORDED,NO,results/tables/table_10_advanced_accuracy_models.md
MULTI_MODEL_STACKING_M4,H=5,zscore_fwd_ret_5d,35,737805,0.5142,0.4723,0.6144,1.0004,-0.0012,0.0085,0.0052,0.1127,0.0754,1.3126,0.1903,0.5149,NO,results/experiments/advanced_models_summary.json
ROBUSTNESS_H=1_ZSCORE,H=1,zscore_fwd_ret_1d,30,737805,0.5086,0.4844,0.6105,0.9996,0.0005,0.0157,0.0123,0.0978,0.1603,2.7899,0.0056,0.5710,YES,results/experiments/robustness_summary.json
ROBUSTNESS_H=21_ZSCORE,H=21,zscore_fwd_ret_21d,30,698845,0.5128,0.4476,0.6243,0.9996,0.0003,0.0003,0.0049,0.0842,0.0034,0.0579,0.9539,0.5331,NO,results/experiments/robustness_summary.json
ROBUSTNESS_H=5_RAW_RETURN,H=5,fwd_ret_5d,30,737805,0.5005,0.4723,0.0463,0.0821,-0.0011,-0.0066,-0.0065,0.1029,-0.0641,-1.1151,0.2657,0.4653,NO,results/experiments/robustness_summary.json
ROBUSTNESS_H=5_EXCESS_RETURN,H=5,excess_fwd_ret_5d,30,737805,0.5075,0.4723,0.0441,0.0800,-0.0009,-0.0094,-0.0078,0.0967,-0.0971,-1.6895,0.0922,0.4554,NO,results/experiments/robustness_summary.json
CHAMPION_H=1_ENSEMBLE_VAL,H=1,zscore_fwd_ret_1d,35,747545,0.4767,NOT_RECORDED,NOT_RECORDED,NOT_RECORDED,NOT_RECORDED,0.0220,NOT_RECORDED,0.1320,0.1670,2.9263,0.0034,NOT_RECORDED,YES,results/experiments/iterative_accuracy_optimization.json
CHAMPION_H=1_ENSEMBLE_TEST,H=1,zscore_fwd_ret_1d,35,757285,0.5082,NOT_RECORDED,NOT_RECORDED,NOT_RECORDED,NOT_RECORDED,0.0221,NOT_RECORDED,NOT_RECORDED,0.1670,1.3577,0.1756,NOT_RECORDED,NO,results/experiments/champion_h1_final_metrics.json
ABLATION_LEAVE_OUT_G1,H=5,zscore_fwd_ret_5d,25,737805,0.5126,0.4723,0.6151,1.0022,-0.0049,0.0018,0.0010,0.0921,0.0190,0.3309,0.7409,0.5116,NO,results/experiments/ablation_summary.json
ABLATION_LEAVE_OUT_G2,H=5,zscore_fwd_ret_5d,24,737805,0.5160,0.4723,0.6148,0.9997,0.0001,0.0050,-0.0026,0.0854,0.0585,1.0178,0.3096,0.4950,NO,results/experiments/ablation_summary.json
ABLATION_LEAVE_OUT_G3,H=5,zscore_fwd_ret_5d,24,737805,0.5136,0.4723,0.6149,1.0006,-0.0016,0.0039,-0.0011,0.0948,0.0411,0.7147,0.4754,0.4917,NO,results/experiments/ablation_summary.json
ABLATION_LEAVE_OUT_G4,H=5,zscore_fwd_ret_5d,24,737805,0.5156,0.4723,0.6147,0.9998,0.0001,0.0046,0.0078,0.0916,0.0498,0.8670,0.3866,0.5413,NO,results/experiments/ablation_summary.json
ABLATION_LEAVE_OUT_G5,H=5,zscore_fwd_ret_5d,23,737805,0.5224,0.4723,0.6151,1.0028,-0.0059,0.0021,-0.0039,0.0975,0.0212,0.3698,0.7118,0.4818,NO,results/experiments/ablation_summary.json
