ticker,vol_21d,rel_ret_21d,dist_sma_20,rsi_14d,pred_z,raw_prob,calib_prob,l1_prob
ABAT,0.04922821631368242,-0.08922112042711194,-0.16789327435925022,33.67346849775126,-0.14484967674507082,0.46581344185012674,0.49087001263145014,0.5323780566996353
ABCB,0.0087341774897764,-0.01435367539582074,-0.01722093070484308,38.25798778618721,0.022492010189081778,0.46581344185012674,0.5288152230587168,0.5235111466124717
AB,0.007662111460355114,0.028004026547508103,-0.02665057942802398,29.97031878246969,0.020077156986953476,0.46581344185012674,0.5282689581431197,0.5199720573477626
ABT,0.014472774410950526,-0.028088235720543427,-0.06374765146118945,19.92830235300002,0.011622541532665922,0.46581344185012674,0.5263559112109937,0.5418727975613282
AAOI,0.06144900913125112,-0.42343410861137587,-0.1068230327791912,32.74533471552209,-0.18908983573527546,0.46581344185012674,0.48083808454913307,0.5152184795746746
AA,0.026513794903041205,-0.06411941848804179,-0.07249983001972839,35.749570591245316,-0.011646968186532651,0.46581344185012674,0.5210868326734222,0.5380766514974406
ABEV,0.011325986078585336,0.1200766680655572,0.014074956060826805,61.538425340146254,0.02457669005754687,0.46581344185012674,0.5292867438777382,0.5496244266556697
AAT,0.0070270131748817214,0.02384039618403141,-0.020740130979753118,24.598918821717177,0.026174966823482644,0.46581344185012674,0.5296482128422153,0.5273503951980545
ABEO,0.021601912999517085,-0.05362712610292227,-0.0815803137259967,23.33331206744296,-0.016686838250950485,0.46581344185012674,0.51994496054377,0.5251717501471102
AAPL,0.014684646727380053,0.13137896521641776,0.03751679477545872,67.48431468024611,0.009069685987764767,0.46581344185012674,0.52577811550173,0.5343034457297973
ABUS,0.02424632300366835,0.11695449462416613,-0.01135469882709962,31.57893573406521,-0.003284935026745746,0.46581344185012674,0.5229809081340087,0.5186679666659892
ABG,0.019975064513545075,-0.01880077090367998,-0.07486039761675041,28.8837722659448,0.014539943884183055,0.46581344185012674,0.5270161294235333,0.5496083995357628
AAON,0.03035760895042307,-0.10489459371232476,-0.024302092336288033,40.834056142885004,-0.052143286035882815,0.46581344185012674,0.5119064585872952,0.5170922470384454
AAMI,0.01795885046504702,0.006842275498859823,-0.03123695055597093,34.710332499531816,-0.0002615404117830407,0.46581344185012674,0.5236655743198667,0.5423628137438612
ABBV,0.015643332555483128,0.09476328869751377,0.01091170029251899,49.52889087760326,0.013135210130886723,0.46581344185012674,0.5266982449822212,0.5276483899504057
AAP,0.06450468356391958,-0.2555869107050972,-0.04554718700244684,40.52863312101836,-0.10800250789497107,0.46581344185012674,0.4992314620129923,0.5086684363008566
ABM,0.019133381023814115,0.10070349962315585,0.049668459066082214,64.58569935401029,0.021478883662017136,0.46581344185012674,0.5285860516268535,0.5342358553522822
ABR,0.022627740207518586,-0.05367179311466857,-0.09418838211825556,27.499994804844945,-0.005689847980674296,0.46581344185012674,0.5224362390966235,0.5532917478622887
AAL,0.01631795818809534,-0.08045328579333991,-0.04457402701302904,25.64100843182206,0.001351705082076798,0.46581344185012674,0.5240308673943535,0.5402929180825342
ACA,0.0014439216600993696,0.048150251661294316,-0.0010977229680172646,46.5518413505419,0.026300127956909294,0.46581344185012674,0.5296765181868061,0.5265573177694794
