target_coverage_pct,actual_coverage_pct,sample_count_N,confidence_cutoff,directional_accuracy,balanced_accuracy,precision_up_calls,recall_up_calls,f1_score,brier_score
100%,100.00%,737805,0.0003274189197802757,0.537228671532451,0.5380669086107023,0.5530660582733938,0.5040727620972543,0.5274341084520279,0.24868052612025307
90%,90.10%,664755,0.0038499869940988307,0.5390406992049702,0.5403077178662671,0.5607657359051884,0.5040987418897235,0.5309244657123656,0.2485449069755836
80%,80.20%,591705,0.007177222281076201,0.5425609045047786,0.5433869494199399,0.560535666458352,0.5153592582377894,0.5369989924683157,0.24838244911574114
70%,71.20%,525302,0.009507227679621366,0.5440280067465952,0.544308933335946,0.564683881840954,0.5372770406818381,0.5506396438481064,0.24824371157271155
60%,60.07%,443170,0.012691146189421687,0.5479725613195839,0.5485379061543683,0.5711372078536326,0.535451941961775,0.552719186019251,0.2479729100265903
50%,50.08%,369473,0.016573757925977817,0.548681500407337,0.5490075575559932,0.5674037521019024,0.53980510450539,0.5532604618764401,0.24776504511987762
40%,40.07%,295668,0.023461952397878794,0.5502726030547777,0.5530650008252639,0.5812005984974893,0.48270343068685306,0.5273925375150167,0.24751539590940924
30%,30.60%,225737,0.02877616050528048,0.547056973380527,0.5538622100808356,0.5985369556715971,0.4359021611660245,0.5044348154825952,0.24749648352750736
25%,25.08%,185060,0.030212480311275103,0.544574732519183,0.5530352001662664,0.6082400476915943,0.45629186460217447,0.521421635710108,0.24750046055562663
20%,20.13%,148535,0.03370598907578598,0.5399535463022184,0.5551879561079303,0.6310150879385769,0.4257420971472629,0.5084416565357197,0.2476357970995896
10%,10.23%,75485,0.039232283030663284,0.5688547393521892,0.5533276985266689,0.656787588409765,0.6218972110004537,0.6388663877761627,0.2448437693381544
