feature,split_count,gain_importance,relative_gain_pct
mkt_vol_63d,95,414354.4609375,21.99590977831075
mkt_vol_21d,78,331527.6193847656,17.59906624030625
mkt_breadth_sma200,57,234939.25927734375,12.471695704096911
mkt_breadth_sma50,52,214406.43872070312,11.381715720687886
mkt_ret_21d,51,188993.06005859375,10.032652450199478
mkt_ret_5d,47,173957.19018554688,9.23447680990911
mkt_dispersion_1d,30,166468.4296875,8.836937708016194
mkt_ret_1d,16,60812.980224609375,3.2282428511671526
mkt_ad_ratio,13,47855.380126953125,2.540391676483002
mkt_momentum_regime,5,27965.150146484375,1.4845234637205142
mkt_vol_regime,5,19969.989990234375,1.0601022542513918
parkinson_vol_21d,1,2529.639892578125,0.13428534285083266
ret_skew_21d,0,0.0,0.0
dist_sma_200,0,0.0,0.0
rsi_14d,0,0.0,0.0
dist_sma_20,0,0.0,0.0
dist_sma_50,0,0.0,0.0
ret_1d,0,0.0,0.0
ret_5d,0,0.0,0.0
ret_10d,0,0.0,0.0
ret_63d,0,0.0,0.0
ret_21d,0,0.0,0.0
vol_5d,0,0.0,0.0
vol_21d,0,0.0,0.0
vol_63d,0,0.0,0.0
natr_14d,0,0.0,0.0
overnight_gap,0,0.0,0.0
oc_return,0,0.0,0.0
hl_spread,0,0.0,0.0
obv_slope_10d,0,0.0,0.0
amihud_illiq_21d,0,0.0,0.0
turnover_vol_21d,0,0.0,0.0
log_turnover,0,0.0,0.0
vol_ratio_21d,0,0.0,0.0
vol_ratio_5d,0,0.0,0.0
bollinger_pct_b,0,0.0,0.0
macd_diff,0,0.0,0.0
roll_spread_21d,0,0.0,0.0
upper_shadow,0,0.0,0.0
lower_shadow,0,0.0,0.0
bar_pressure,0,0.0,0.0
rel_ret_5d,0,0.0,0.0
rel_ret_21d,0,0.0,0.0
rel_vol_21d,0,0.0,0.0
rel_volume_5d,0,0.0,0.0
pct_rank_ret_21d,0,0.0,0.0
pct_rank_vol_21d,0,0.0,0.0
pct_rank_turnover,0,0.0,0.0
pct_rank_dist_sma200,0,0.0,0.0
tech_mom_accel,0,0.0,0.0
tech_trend_accel,0,0.0,0.0
tech_vol_accel,0,0.0,0.0
tech_pv_interaction,0,0.0,0.0
tech_rel_spread,0,0.0,0.0
tech_bar_efficiency,0,0.0,0.0
tech_shadow_asym,0,0.0,0.0
tech_pressure_vol,0,0.0,0.0
tech_rsi_macd,0,0.0,0.0
